year,oshpd_id,facility_name,county_name,er_service_level_desc,type,count
2012,106190017,ALHAMBRA HOSPITAL MEDICAL CENTER,LOS ANGELES,BASIC,ED_Admit,2603
2012,106190017,ALHAMBRA HOSPITAL MEDICAL CENTER,LOS ANGELES,BASIC,ED_Visit,10263
2012,106190034,ANTELOPE VALLEY HOSPITAL,LOS ANGELES,BASIC,ED_Admit,13234
2012,106190034,ANTELOPE VALLEY HOSPITAL,LOS ANGELES,BASIC,ED_Visit,91791
2012,106190045,CATALINA ISLAND MEDICAL CENTER,LOS ANGELES,STANDBY,ED_Admit,15
2012,106190045,CATALINA ISLAND MEDICAL CENTER,LOS ANGELES,STANDBY,ED_Visit,1681
2012,106190053,ST. MARY MEDICAL CENTER - LONG BEACH,LOS ANGELES,BASIC,ED_Admit,6470
2012,106190053,ST. MARY MEDICAL CENTER - LONG BEACH,LOS ANGELES,BASIC,ED_Visit,47941
2012,106190066,LOS ANGELES COMMUNITY HOSPITAL AT BELLFLOWER,LOS ANGELES,BASIC,ED_Admit,2035
2012,106190066,LOS ANGELES COMMUNITY HOSPITAL AT BELLFLOWER,LOS ANGELES,BASIC,ED_Visit,8889
2012,106190081,BEVERLY HOSPITAL,LOS ANGELES,BASIC,ED_Admit,6417
2012,106190081,BEVERLY HOSPITAL,LOS ANGELES,BASIC,ED_Visit,27197
2012,106190110,SOUTHERN CALIFORNIA HOSPITAL AT CULVER CITY,LOS ANGELES,BASIC,ED_Admit,6316
2012,106190110,SOUTHERN CALIFORNIA HOSPITAL AT CULVER CITY,LOS ANGELES,BASIC,ED_Visit,18597
2012,106190125,CALIFORNIA HOSPITAL MEDICAL CENTER - LOS ANGELES,LOS ANGELES,BASIC,ED_Admit,9193
2012,106190125,CALIFORNIA HOSPITAL MEDICAL CENTER - LOS ANGELES,LOS ANGELES,BASIC,ED_Visit,49197
2012,106190148,CENTINELA HOSPITAL MEDICAL CENTER,LOS ANGELES,BASIC,ED_Admit,16796
2012,106190148,CENTINELA HOSPITAL MEDICAL CENTER,LOS ANGELES,BASIC,ED_Visit,46998
2012,106190159,GARDENS REGIONAL HOSPITAL AND MEDICAL CENTER,LOS ANGELES,BASIC,ED_Admit,1814
2012,106190159,GARDENS REGIONAL HOSPITAL AND MEDICAL CENTER,LOS ANGELES,BASIC,ED_Visit,6563
2012,106190170,CHILDREN'S HOSPITAL OF LOS ANGELES,LOS ANGELES,BASIC,ED_Admit,5657
2012,106190170,CHILDREN'S HOSPITAL OF LOS ANGELES,LOS ANGELES,BASIC,ED_Visit,60933
2012,106190197,COMMUNITY HOSPITAL OF HUNTINGTON PARK,LOS ANGELES,STANDBY,ED_Admit,3359
2012,106190197,COMMUNITY HOSPITAL OF HUNTINGTON PARK,LOS ANGELES,STANDBY,ED_Visit,24139
2012,106190198,LOS ANGELES COMMUNITY HOSPITAL,LOS ANGELES,STANDBY,ED_Admit,2414
2012,106190198,LOS ANGELES COMMUNITY HOSPITAL,LOS ANGELES,STANDBY,ED_Visit,8085
2012,106190200,SAN GABRIEL VALLEY MEDICAL CENTER,LOS ANGELES,BASIC,ED_Admit,4988
2012,106190200,SAN GABRIEL VALLEY MEDICAL CENTER,LOS ANGELES,BASIC,ED_Visit,19014
2012,106190240,LAKEWOOD REGIONAL MEDICAL CENTER,LOS ANGELES,BASIC,ED_Admit,6024
2012,106190240,LAKEWOOD REGIONAL MEDICAL CENTER,LOS ANGELES,BASIC,ED_Visit,39161
2012,106190243,PIH HEALTH HOSPITAL - DOWNEY,LOS ANGELES,BASIC,ED_Admit,7702
2012,106190243,PIH HEALTH HOSPITAL - DOWNEY,LOS ANGELES,BASIC,ED_Visit,43493
2012,106190256,EAST LOS ANGELES DOCTORS HOSPITAL,LOS ANGELES,BASIC,ED_Admit,2014
2012,106190256,EAST LOS ANGELES DOCTORS HOSPITAL,LOS ANGELES,BASIC,ED_Visit,12623
2012,106190280,ENCINO HOSPITAL MEDICAL CENTER,LOS ANGELES,BASIC,ED_Admit,1604
2012,106190280,ENCINO HOSPITAL MEDICAL CENTER,LOS ANGELES,BASIC,ED_Visit,7619
2012,106190298,EMANATE HEALTH FOOTHILL PRESBYTERIAN HOSPITAL,LOS ANGELES,BASIC,ED_Admit,3445
2012,106190298,EMANATE HEALTH FOOTHILL PRESBYTERIAN HOSPITAL,LOS ANGELES,BASIC,ED_Visit,23110
2012,106190315,GARFIELD MEDICAL CENTER,LOS ANGELES,BASIC,ED_Admit,5838
2012,106190315,GARFIELD MEDICAL CENTER,LOS ANGELES,BASIC,ED_Visit,16333
2012,106190317,GATEWAYS HOSPITAL AND MENTAL HEALTH CENTER,LOS ANGELES,,ED_Admit,2
2012,106190317,GATEWAYS HOSPITAL AND MENTAL HEALTH CENTER,LOS ANGELES,,ED_Visit,
2012,106190323,ADVENTIST HEALTH GLENDALE,LOS ANGELES,BASIC,ED_Admit,13144
2012,106190323,ADVENTIST HEALTH GLENDALE,LOS ANGELES,BASIC,ED_Visit,32720
2012,106190328,GLENDORA COMMUNITY HOSPITAL,LOS ANGELES,BASIC,ED_Admit,1571
2012,106190328,GLENDORA COMMUNITY HOSPITAL,LOS ANGELES,BASIC,ED_Visit,2954
2012,106190352,GREATER EL MONTE COMMUNITY HOSPITAL,LOS ANGELES,BASIC,ED_Admit,2621
2012,106190352,GREATER EL MONTE COMMUNITY HOSPITAL,LOS ANGELES,BASIC,ED_Visit,14806
2012,106190382,HOLLYWOOD PRESBYTERIAN MEDICAL CENTER,LOS ANGELES,BASIC,ED_Admit,5646
2012,106190382,HOLLYWOOD PRESBYTERIAN MEDICAL CENTER,LOS ANGELES,BASIC,ED_Visit,27395
2012,106190385,PROVIDENCE HOLY CROSS MEDICAL CENTER,LOS ANGELES,BASIC,ED_Admit,10644
2012,106190385,PROVIDENCE HOLY CROSS MEDICAL CENTER,LOS ANGELES,BASIC,ED_Visit,66761
2012,106190392,GOOD SAMARITAN HOSPITAL-LOS ANGELES,LOS ANGELES,BASIC,ED_Admit,5187
2012,106190392,GOOD SAMARITAN HOSPITAL-LOS ANGELES,LOS ANGELES,BASIC,ED_Visit,22789
2012,106190400,HUNTINGTON MEMORIAL HOSPITAL,LOS ANGELES,BASIC,ED_Admit,13690
2012,106190400,HUNTINGTON MEMORIAL HOSPITAL,LOS ANGELES,BASIC,ED_Visit,42490
2012,106190413,EMANATE HEALTH INTER-COMMUNITY HOSPITAL,LOS ANGELES,BASIC,ED_Admit,6751
2012,106190413,EMANATE HEALTH INTER-COMMUNITY HOSPITAL,LOS ANGELES,BASIC,ED_Visit,14523
2012,106190422,TORRANCE MEMORIAL MEDICAL CENTER,LOS ANGELES,BASIC,ED_Admit,13851
2012,106190422,TORRANCE MEMORIAL MEDICAL CENTER,LOS ANGELES,BASIC,ED_Visit,42020
2012,106190429,KAISER FOUNDATION HOSPITAL - LOS ANGELES,LOS ANGELES,BASIC,ED_Admit,9074
2012,106190429,KAISER FOUNDATION HOSPITAL - LOS ANGELES,LOS ANGELES,BASIC,ED_Visit,62996
2012,106190431,KAISER FOUNDATION HOSPITAL - SOUTH BAY,LOS ANGELES,BASIC,ED_Admit,6678
2012,106190431,KAISER FOUNDATION HOSPITAL - SOUTH BAY,LOS ANGELES,BASIC,ED_Visit,49690
2012,106190432,KAISER FOUNDATION HOSPITAL - PANORAMA CITY,LOS ANGELES,BASIC,ED_Admit,6346
2012,106190432,KAISER FOUNDATION HOSPITAL - PANORAMA CITY,LOS ANGELES,BASIC,ED_Visit,46623
2012,106190434,KAISER FOUNDATION HOSPITAL - WEST LA,LOS ANGELES,BASIC,ED_Admit,5678
2012,106190434,KAISER FOUNDATION HOSPITAL - WEST LA,LOS ANGELES,BASIC,ED_Visit,60645
2012,106190470,PROVIDENCE LITTLE COMPANY OF MARY MEDICAL CENTER TORRANCE,LOS ANGELES,BASIC,ED_Admit,12741
2012,106190470,PROVIDENCE LITTLE COMPANY OF MARY MEDICAL CENTER TORRANCE,LOS ANGELES,BASIC,ED_Visit,53945
2012,106190475,COMMUNITY HOSPITAL LONG BEACH,LOS ANGELES,BASIC,ED_Admit,3572
2012,106190475,COMMUNITY HOSPITAL LONG BEACH,LOS ANGELES,BASIC,ED_Visit,18933
2012,106190500,CEDARS-SINAI MARINA DEL REY HOSPITAL,LOS ANGELES,BASIC,ED_Admit,2912
2012,106190500,CEDARS-SINAI MARINA DEL REY HOSPITAL,LOS ANGELES,BASIC,ED_Visit,19189
2012,106190517,PROVIDENCE TARZANA MEDICAL CENTER,LOS ANGELES,BASIC,ED_Admit,8694
2012,106190517,PROVIDENCE TARZANA MEDICAL CENTER,LOS ANGELES,BASIC,ED_Visit,26433
2012,106190521,MEMORIAL HOSPITAL OF GARDENA,LOS ANGELES,BASIC,ED_Admit,5385
2012,106190521,MEMORIAL HOSPITAL OF GARDENA,LOS ANGELES,BASIC,ED_Visit,29183
2012,106190522,GLENDALE MEMORIAL HOSPITAL AND HEALTH CENTER,LOS ANGELES,BASIC,ED_Admit,6205
2012,106190522,GLENDALE MEMORIAL HOSPITAL AND HEALTH CENTER,LOS ANGELES,BASIC,ED_Visit,26677
2012,106190524,MISSION COMMUNITY HOSPITAL - PANORAMA CAMPUS,LOS ANGELES,BASIC,ED_Admit,4915
2012,106190524,MISSION COMMUNITY HOSPITAL - PANORAMA CAMPUS,LOS ANGELES,BASIC,ED_Visit,13919
2012,106190525,MEMORIALCARE LONG BEACH MEDICAL CENTER,LOS ANGELES,BASIC,ED_Admit,14818
2012,106190525,MEMORIALCARE LONG BEACH MEDICAL CENTER,LOS ANGELES,BASIC,ED_Visit,68685
2012,106190529,METHODIST HOSPITAL OF SOUTHERN CALIFORNIA,LOS ANGELES,BASIC,ED_Admit,10628
2012,106190529,METHODIST HOSPITAL OF SOUTHERN CALIFORNIA,LOS ANGELES,BASIC,ED_Visit,29918
2012,106190534,OLYMPIA MEDICAL CENTER,LOS ANGELES,BASIC,ED_Admit,3960
2012,106190534,OLYMPIA MEDICAL CENTER,LOS ANGELES,BASIC,ED_Visit,20232
2012,106190547,MONTEREY PARK HOSPITAL,LOS ANGELES,BASIC,ED_Admit,1963
2012,106190547,MONTEREY PARK HOSPITAL,LOS ANGELES,BASIC,ED_Visit,11714
2012,106190555,CEDARS SINAI MEDICAL CENTER,LOS ANGELES,BASIC,ED_Admit,24757
2012,106190555,CEDARS SINAI MEDICAL CENTER,LOS ANGELES,BASIC,ED_Visit,59768
2012,106190568,NORTHRIDGE HOSPITAL MEDICAL CENTER,LOS ANGELES,BASIC,ED_Admit,10711
2012,106190568,NORTHRIDGE HOSPITAL MEDICAL CENTER,LOS ANGELES,BASIC,ED_Visit,45957
2012,106190570,NORWALK COMMUNITY HOSPITAL,LOS ANGELES,BASIC,ED_Admit,1696
2012,106190570,NORWALK COMMUNITY HOSPITAL,LOS ANGELES,BASIC,ED_Visit,7483
2012,106190587,COLLEGE MEDICAL CENTER,LOS ANGELES,BASIC,ED_Admit,4549
2012,106190587,COLLEGE MEDICAL CENTER,LOS ANGELES,BASIC,ED_Visit,9487
2012,106190630,POMONA VALLEY HOSPITAL MEDICAL CENTER,LOS ANGELES,BASIC,ED_Admit,11262
2012,106190630,POMONA VALLEY HOSPITAL MEDICAL CENTER,LOS ANGELES,BASIC,ED_Visit,71782
2012,106190631,PIH HEALTH HOSPITAL - WHITTIER,LOS ANGELES,BASIC,ED_Admit,9850
2012,106190631,PIH HEALTH HOSPITAL - WHITTIER,LOS ANGELES,BASIC,ED_Visit,53975
2012,106190636,EMANATE HEALTH QUEEN OF THE VALLEY HOSPITAL,LOS ANGELES,BASIC,ED_Admit,9827
2012,106190636,EMANATE HEALTH QUEEN OF THE VALLEY HOSPITAL,LOS ANGELES,BASIC,ED_Visit,44012
2012,106190673,SAN DIMAS COMMUNITY HOSPITAL,LOS ANGELES,BASIC,ED_Admit,3444
2012,106190673,SAN DIMAS COMMUNITY HOSPITAL,LOS ANGELES,BASIC,ED_Visit,12190
2012,106190680,PROVIDENCE LITTLE COMPANY OF MARY MC - SAN PEDRO,LOS ANGELES,BASIC,ED_Admit,4265
2012,106190680,PROVIDENCE LITTLE COMPANY OF MARY MC - SAN PEDRO,LOS ANGELES,BASIC,ED_Visit,32804
2012,106190687,SANTA MONICA - UCLA MEDICAL CENTER AND ORTHOPAEDIC HOSPITAL,LOS ANGELES,BASIC,ED_Admit,8460
2012,106190687,SANTA MONICA - UCLA MEDICAL CENTER AND ORTHOPAEDIC HOSPITAL,LOS ANGELES,BASIC,ED_Visit,31563
2012,106190696,PACIFICA HOSPITAL OF THE VALLEY,LOS ANGELES,BASIC,ED_Admit,2410
2012,106190696,PACIFICA HOSPITAL OF THE VALLEY,LOS ANGELES,BASIC,ED_Visit,12727
2012,106190708,SHERMAN OAKS HOSPITAL,LOS ANGELES,BASIC,ED_Admit,3860
2012,106190708,SHERMAN OAKS HOSPITAL,LOS ANGELES,BASIC,ED_Visit,17034
2012,106190754,ST. FRANCIS MEDICAL CENTER,LOS ANGELES,BASIC,ED_Admit,10753
2012,106190754,ST. FRANCIS MEDICAL CENTER,LOS ANGELES,BASIC,ED_Visit,60899
2012,106190756,PROVIDENCE SAINT JOHN'S HEALTH CENTER,LOS ANGELES,BASIC,ED_Admit,6136
2012,106190756,PROVIDENCE SAINT JOHN'S HEALTH CENTER,LOS ANGELES,BASIC,ED_Visit,21483
2012,106190758,PROVIDENCE SAINT JOSEPH MEDICAL CENTER,LOS ANGELES,BASIC,ED_Admit,10090
2012,106190758,PROVIDENCE SAINT JOSEPH MEDICAL CENTER,LOS ANGELES,BASIC,ED_Visit,51370
2012,106190762,ST. VINCENT MEDICAL CENTER,LOS ANGELES,STANDBY,ED_Admit,4708
2012,106190762,ST. VINCENT MEDICAL CENTER,LOS ANGELES,STANDBY,ED_Visit,9793
2012,106190766,COAST PLAZA HOSPITAL,LOS ANGELES,BASIC,ED_Admit,3131
2012,106190766,COAST PLAZA HOSPITAL,LOS ANGELES,BASIC,ED_Visit,9981
2012,106190784,TEMPLE COMMUNITY HOSPITAL,LOS ANGELES,,ED_Admit,3
2012,106190784,TEMPLE COMMUNITY HOSPITAL,LOS ANGELES,,ED_Visit,
2012,106190796,RONALD REAGAN UCLA MEDICAL CENTER,LOS ANGELES,COMPREHENSIVE,ED_Admit,10165
2012,106190796,RONALD REAGAN UCLA MEDICAL CENTER,LOS ANGELES,COMPREHENSIVE,ED_Visit,33841
2012,106190812,VALLEY PRESBYTERIAN HOSPITAL,LOS ANGELES,BASIC,ED_Admit,6804
2012,106190812,VALLEY PRESBYTERIAN HOSPITAL,LOS ANGELES,BASIC,ED_Visit,52992
2012,106190818,USC VERDUGO HILLS HOSPITAL,LOS ANGELES,BASIC,ED_Admit,3440
2012,106190818,USC VERDUGO HILLS HOSPITAL,LOS ANGELES,BASIC,ED_Visit,14650
2012,106190854,LOS ANGELES METROPOLITAN MEDICAL CENTER,LOS ANGELES,BASIC,ED_Admit,2943
2012,106190854,LOS ANGELES METROPOLITAN MEDICAL CENTER,LOS ANGELES,BASIC,ED_Visit,5606
2012,106190859,WEST HILLS HOSPITAL AND MEDICAL CENTER,LOS ANGELES,BASIC,ED_Admit,6063
2012,106190859,WEST HILLS HOSPITAL AND MEDICAL CENTER,LOS ANGELES,BASIC,ED_Visit,32873
2012,106190878,ADVENTIST HEALTH WHITE MEMORIAL,LOS ANGELES,BASIC,ED_Admit,10023
2012,106190878,ADVENTIST HEALTH WHITE MEMORIAL,LOS ANGELES,BASIC,ED_Visit,41379
2012,106190883,WHITTIER HOSPITAL MEDICAL CENTER,LOS ANGELES,BASIC,ED_Admit,4429
2012,106190883,WHITTIER HOSPITAL MEDICAL CENTER,LOS ANGELES,BASIC,ED_Visit,21624
2012,106190949,HENRY MAYO NEWHALL HOSPITAL,LOS ANGELES,BASIC,ED_Admit,8967
2012,106190949,HENRY MAYO NEWHALL HOSPITAL,LOS ANGELES,BASIC,ED_Visit,40186
2012,106191227,LAC/HARBOR-UCLA MEDICAL CENTER,LOS ANGELES,BASIC,ED_Admit,15082
2012,106191227,LAC/HARBOR-UCLA MEDICAL CENTER,LOS ANGELES,BASIC,ED_Visit,51725
2012,106191228,LAC+USC MEDICAL CENTER,LOS ANGELES,COMPREHENSIVE,ED_Admit,24362
2012,106191228,LAC+USC MEDICAL CENTER,LOS ANGELES,COMPREHENSIVE,ED_Visit,120359
2012,106191231,LOS ANGELES COUNTY OLIVE VIEW-UCLA MEDICAL CENTER,LOS ANGELES,BASIC,ED_Admit,9679
2012,106191231,LOS ANGELES COUNTY OLIVE VIEW-UCLA MEDICAL CENTER,LOS ANGELES,BASIC,ED_Visit,52724
2012,106191306,LAC/RANCHO LOS AMIGOS NATIONAL REHAB CENTER,LOS ANGELES,,ED_Admit,1
2012,106191306,LAC/RANCHO LOS AMIGOS NATIONAL REHAB CENTER,LOS ANGELES,,ED_Visit,
2012,106191450,KAISER FOUNDATION HOSPITAL - WOODLAND HILLS,LOS ANGELES,BASIC,ED_Admit,4570
2012,106191450,KAISER FOUNDATION HOSPITAL - WOODLAND HILLS,LOS ANGELES,BASIC,ED_Visit,34623
2012,106196035,KAISER FOUNDATION HOSPITAL - BALDWIN PARK,LOS ANGELES,BASIC,ED_Admit,6876
2012,106196035,KAISER FOUNDATION HOSPITAL - BALDWIN PARK,LOS ANGELES,BASIC,ED_Visit,67655
2012,106196403,KAISER FOUNDATION HOSPITAL - DOWNEY,LOS ANGELES,BASIC,ED_Admit,10652
2012,106196403,KAISER FOUNDATION HOSPITAL - DOWNEY,LOS ANGELES,BASIC,ED_Visit,82670
2012,106196405,PALMDALE REGIONAL MEDICAL CENTER,LOS ANGELES,BASIC,ED_Admit,6575
2012,106196405,PALMDALE REGIONAL MEDICAL CENTER,LOS ANGELES,BASIC,ED_Visit,44902
2013,106190017,ALHAMBRA HOSPITAL MEDICAL CENTER,LOS ANGELES,BASIC,ED_Admit,2793
2013,106190017,ALHAMBRA HOSPITAL MEDICAL CENTER,LOS ANGELES,BASIC,ED_Visit,10757
2013,106190034,ANTELOPE VALLEY HOSPITAL,LOS ANGELES,BASIC,ED_Admit,11962
2013,106190034,ANTELOPE VALLEY HOSPITAL,LOS ANGELES,BASIC,ED_Visit,93228
2013,106190045,CATALINA ISLAND MEDICAL CENTER,LOS ANGELES,STANDBY,ED_Admit,10
2013,106190045,CATALINA ISLAND MEDICAL CENTER,LOS ANGELES,STANDBY,ED_Visit,1682
2013,106190053,ST. MARY MEDICAL CENTER - LONG BEACH,LOS ANGELES,BASIC,ED_Admit,6486
2013,106190053,ST. MARY MEDICAL CENTER - LONG BEACH,LOS ANGELES,BASIC,ED_Visit,49468
2013,106190066,LOS ANGELES COMMUNITY HOSPITAL AT BELLFLOWER,LOS ANGELES,BASIC,ED_Admit,390
2013,106190066,LOS ANGELES COMMUNITY HOSPITAL AT BELLFLOWER,LOS ANGELES,BASIC,ED_Visit,2456
2013,106190081,BEVERLY HOSPITAL,LOS ANGELES,BASIC,ED_Admit,6736
2013,106190081,BEVERLY HOSPITAL,LOS ANGELES,BASIC,ED_Visit,27529
2013,106190110,SOUTHERN CALIFORNIA HOSPITAL AT CULVER CITY,LOS ANGELES,BASIC,ED_Admit,6328
2013,106190110,SOUTHERN CALIFORNIA HOSPITAL AT CULVER CITY,LOS ANGELES,BASIC,ED_Visit,19469
2013,106190125,CALIFORNIA HOSPITAL MEDICAL CENTER - LOS ANGELES,LOS ANGELES,BASIC,ED_Admit,9071
2013,106190125,CALIFORNIA HOSPITAL MEDICAL CENTER - LOS ANGELES,LOS ANGELES,BASIC,ED_Visit,58962
2013,106190148,CENTINELA HOSPITAL MEDICAL CENTER,LOS ANGELES,BASIC,ED_Admit,15006
2013,106190148,CENTINELA HOSPITAL MEDICAL CENTER,LOS ANGELES,BASIC,ED_Visit,48213
2013,106190159,GARDENS REGIONAL HOSPITAL AND MEDICAL CENTER,LOS ANGELES,BASIC,ED_Admit,2201
2013,106190159,GARDENS REGIONAL HOSPITAL AND MEDICAL CENTER,LOS ANGELES,BASIC,ED_Visit,7061
2013,106190170,CHILDREN'S HOSPITAL OF LOS ANGELES,LOS ANGELES,BASIC,ED_Admit,6486
2013,106190170,CHILDREN'S HOSPITAL OF LOS ANGELES,LOS ANGELES,BASIC,ED_Visit,63381
2013,106190197,COMMUNITY HOSPITAL OF HUNTINGTON PARK,LOS ANGELES,STANDBY,ED_Admit,3784
2013,106190197,COMMUNITY HOSPITAL OF HUNTINGTON PARK,LOS ANGELES,STANDBY,ED_Visit,33438
2013,106190198,LOS ANGELES COMMUNITY HOSPITAL,LOS ANGELES,STANDBY,ED_Admit,2759
2013,106190198,LOS ANGELES COMMUNITY HOSPITAL,LOS ANGELES,STANDBY,ED_Visit,5443
2013,106190200,SAN GABRIEL VALLEY MEDICAL CENTER,LOS ANGELES,BASIC,ED_Admit,5041
2013,106190200,SAN GABRIEL VALLEY MEDICAL CENTER,LOS ANGELES,BASIC,ED_Visit,18952
2013,106190240,LAKEWOOD REGIONAL MEDICAL CENTER,LOS ANGELES,BASIC,ED_Admit,6258
2013,106190240,LAKEWOOD REGIONAL MEDICAL CENTER,LOS ANGELES,BASIC,ED_Visit,41400
2013,106190243,PIH HEALTH HOSPITAL - DOWNEY,LOS ANGELES,BASIC,ED_Admit,7015
2013,106190243,PIH HEALTH HOSPITAL - DOWNEY,LOS ANGELES,BASIC,ED_Visit,44203
2013,106190256,EAST LOS ANGELES DOCTORS HOSPITAL,LOS ANGELES,BASIC,ED_Admit,2090
2013,106190256,EAST LOS ANGELES DOCTORS HOSPITAL,LOS ANGELES,BASIC,ED_Visit,12114
2013,106190280,ENCINO HOSPITAL MEDICAL CENTER,LOS ANGELES,BASIC,ED_Admit,1972
2013,106190280,ENCINO HOSPITAL MEDICAL CENTER,LOS ANGELES,BASIC,ED_Visit,7600
2013,106190298,EMANATE HEALTH FOOTHILL PRESBYTERIAN HOSPITAL,LOS ANGELES,BASIC,ED_Admit,3355
2013,106190298,EMANATE HEALTH FOOTHILL PRESBYTERIAN HOSPITAL,LOS ANGELES,BASIC,ED_Visit,21927
2013,106190315,GARFIELD MEDICAL CENTER,LOS ANGELES,BASIC,ED_Admit,5617
2013,106190315,GARFIELD MEDICAL CENTER,LOS ANGELES,BASIC,ED_Visit,18015
2013,106190323,ADVENTIST HEALTH GLENDALE,LOS ANGELES,BASIC,ED_Admit,13986
2013,106190323,ADVENTIST HEALTH GLENDALE,LOS ANGELES,BASIC,ED_Visit,34429
2013,106190328,GLENDORA COMMUNITY HOSPITAL,LOS ANGELES,BASIC,ED_Admit,1261
2013,106190328,GLENDORA COMMUNITY HOSPITAL,LOS ANGELES,BASIC,ED_Visit,3061
2013,106190352,GREATER EL MONTE COMMUNITY HOSPITAL,LOS ANGELES,BASIC,ED_Admit,2118
2013,106190352,GREATER EL MONTE COMMUNITY HOSPITAL,LOS ANGELES,BASIC,ED_Visit,14568
2013,106190382,HOLLYWOOD PRESBYTERIAN MEDICAL CENTER,LOS ANGELES,BASIC,ED_Admit,4832
2013,106190382,HOLLYWOOD PRESBYTERIAN MEDICAL CENTER,LOS ANGELES,BASIC,ED_Visit,27514
2013,106190385,PROVIDENCE HOLY CROSS MEDICAL CENTER,LOS ANGELES,BASIC,ED_Admit,9858
2013,106190385,PROVIDENCE HOLY CROSS MEDICAL CENTER,LOS ANGELES,BASIC,ED_Visit,77406
2013,106190392,GOOD SAMARITAN HOSPITAL-LOS ANGELES,LOS ANGELES,BASIC,ED_Admit,5374
2013,106190392,GOOD SAMARITAN HOSPITAL-LOS ANGELES,LOS ANGELES,BASIC,ED_Visit,24196
2013,106190400,HUNTINGTON MEMORIAL HOSPITAL,LOS ANGELES,BASIC,ED_Admit,14272
2013,106190400,HUNTINGTON MEMORIAL HOSPITAL,LOS ANGELES,BASIC,ED_Visit,43400
2013,106190413,EMANATE HEALTH INTER-COMMUNITY HOSPITAL,LOS ANGELES,BASIC,ED_Admit,6533
2013,106190413,EMANATE HEALTH INTER-COMMUNITY HOSPITAL,LOS ANGELES,BASIC,ED_Visit,14882
2013,106190422,TORRANCE MEMORIAL MEDICAL CENTER,LOS ANGELES,BASIC,ED_Admit,12688
2013,106190422,TORRANCE MEMORIAL MEDICAL CENTER,LOS ANGELES,BASIC,ED_Visit,44370
2013,106190429,KAISER FOUNDATION HOSPITAL - LOS ANGELES,LOS ANGELES,BASIC,ED_Admit,8959
2013,106190429,KAISER FOUNDATION HOSPITAL - LOS ANGELES,LOS ANGELES,BASIC,ED_Visit,62088
2013,106190431,KAISER FOUNDATION HOSPITAL - SOUTH BAY,LOS ANGELES,BASIC,ED_Admit,6306
2013,106190431,KAISER FOUNDATION HOSPITAL - SOUTH BAY,LOS ANGELES,BASIC,ED_Visit,50074
2013,106190432,KAISER FOUNDATION HOSPITAL - PANORAMA CITY,LOS ANGELES,BASIC,ED_Admit,5794
2013,106190432,KAISER FOUNDATION HOSPITAL - PANORAMA CITY,LOS ANGELES,BASIC,ED_Visit,49330
2013,106190434,KAISER FOUNDATION HOSPITAL - WEST LA,LOS ANGELES,BASIC,ED_Admit,5541
2013,106190434,KAISER FOUNDATION HOSPITAL - WEST LA,LOS ANGELES,BASIC,ED_Visit,58118
2013,106190470,PROVIDENCE LITTLE COMPANY OF MARY MEDICAL CENTER TORRANCE,LOS ANGELES,BASIC,ED_Admit,12066
2013,106190470,PROVIDENCE LITTLE COMPANY OF MARY MEDICAL CENTER TORRANCE,LOS ANGELES,BASIC,ED_Visit,57342
2013,106190475,COMMUNITY HOSPITAL LONG BEACH,LOS ANGELES,BASIC,ED_Admit,3675
2013,106190475,COMMUNITY HOSPITAL LONG BEACH,LOS ANGELES,BASIC,ED_Visit,18285
2013,106190500,CEDARS-SINAI MARINA DEL REY HOSPITAL,LOS ANGELES,BASIC,ED_Admit,2777
2013,106190500,CEDARS-SINAI MARINA DEL REY HOSPITAL,LOS ANGELES,BASIC,ED_Visit,18897
2013,106190517,PROVIDENCE TARZANA MEDICAL CENTER,LOS ANGELES,BASIC,ED_Admit,8328
2013,106190517,PROVIDENCE TARZANA MEDICAL CENTER,LOS ANGELES,BASIC,ED_Visit,28298
2013,106190521,MEMORIAL HOSPITAL OF GARDENA,LOS ANGELES,BASIC,ED_Admit,4497
2013,106190521,MEMORIAL HOSPITAL OF GARDENA,LOS ANGELES,BASIC,ED_Visit,29357
2013,106190522,GLENDALE MEMORIAL HOSPITAL AND HEALTH CENTER,LOS ANGELES,BASIC,ED_Admit,6065
2013,106190522,GLENDALE MEMORIAL HOSPITAL AND HEALTH CENTER,LOS ANGELES,BASIC,ED_Visit,28668
2013,106190524,MISSION COMMUNITY HOSPITAL - PANORAMA CAMPUS,LOS ANGELES,BASIC,ED_Admit,5027
2013,106190524,MISSION COMMUNITY HOSPITAL - PANORAMA CAMPUS,LOS ANGELES,BASIC,ED_Visit,13629
2013,106190525,MEMORIALCARE LONG BEACH MEDICAL CENTER,LOS ANGELES,BASIC,ED_Admit,14696
2013,106190525,MEMORIALCARE LONG BEACH MEDICAL CENTER,LOS ANGELES,BASIC,ED_Visit,70887
2013,106190529,METHODIST HOSPITAL OF SOUTHERN CALIFORNIA,LOS ANGELES,BASIC,ED_Admit,10732
2013,106190529,METHODIST HOSPITAL OF SOUTHERN CALIFORNIA,LOS ANGELES,BASIC,ED_Visit,33977
2013,106190534,OLYMPIA MEDICAL CENTER,LOS ANGELES,BASIC,ED_Admit,3289
2013,106190534,OLYMPIA MEDICAL CENTER,LOS ANGELES,BASIC,ED_Visit,20352
2013,106190547,MONTEREY PARK HOSPITAL,LOS ANGELES,BASIC,ED_Admit,1905
2013,106190547,MONTEREY PARK HOSPITAL,LOS ANGELES,BASIC,ED_Visit,12128
2013,106190555,CEDARS SINAI MEDICAL CENTER,LOS ANGELES,BASIC,ED_Admit,23455
2013,106190555,CEDARS SINAI MEDICAL CENTER,LOS ANGELES,BASIC,ED_Visit,60548
2013,106190568,NORTHRIDGE HOSPITAL MEDICAL CENTER,LOS ANGELES,BASIC,ED_Admit,9890
2013,106190568,NORTHRIDGE HOSPITAL MEDICAL CENTER,LOS ANGELES,BASIC,ED_Visit,47606
2013,106190570,NORWALK COMMUNITY HOSPITAL,LOS ANGELES,BASIC,ED_Admit,2260
2013,106190570,NORWALK COMMUNITY HOSPITAL,LOS ANGELES,BASIC,ED_Visit,4880
2013,106190587,COLLEGE MEDICAL CENTER,LOS ANGELES,BASIC,ED_Admit,4334
2013,106190587,COLLEGE MEDICAL CENTER,LOS ANGELES,BASIC,ED_Visit,9472
2013,106190630,POMONA VALLEY HOSPITAL MEDICAL CENTER,LOS ANGELES,BASIC,ED_Admit,10597
2013,106190630,POMONA VALLEY HOSPITAL MEDICAL CENTER,LOS ANGELES,BASIC,ED_Visit,73997
2013,106190631,PIH HEALTH HOSPITAL - WHITTIER,LOS ANGELES,BASIC,ED_Admit,11134
2013,106190631,PIH HEALTH HOSPITAL - WHITTIER,LOS ANGELES,BASIC,ED_Visit,55496
2013,106190636,EMANATE HEALTH QUEEN OF THE VALLEY HOSPITAL,LOS ANGELES,BASIC,ED_Admit,9506
2013,106190636,EMANATE HEALTH QUEEN OF THE VALLEY HOSPITAL,LOS ANGELES,BASIC,ED_Visit,46000
2013,106190673,SAN DIMAS COMMUNITY HOSPITAL,LOS ANGELES,BASIC,ED_Admit,2982
2013,106190673,SAN DIMAS COMMUNITY HOSPITAL,LOS ANGELES,BASIC,ED_Visit,12594
2013,106190680,PROVIDENCE LITTLE COMPANY OF MARY MC - SAN PEDRO,LOS ANGELES,BASIC,ED_Admit,4003
2013,106190680,PROVIDENCE LITTLE COMPANY OF MARY MC - SAN PEDRO,LOS ANGELES,BASIC,ED_Visit,34201
2013,106190687,SANTA MONICA - UCLA MEDICAL CENTER AND ORTHOPAEDIC HOSPITAL,LOS ANGELES,BASIC,ED_Admit,7659
2013,106190687,SANTA MONICA - UCLA MEDICAL CENTER AND ORTHOPAEDIC HOSPITAL,LOS ANGELES,BASIC,ED_Visit,28193
2013,106190696,PACIFICA HOSPITAL OF THE VALLEY,LOS ANGELES,BASIC,ED_Admit,2729
2013,106190696,PACIFICA HOSPITAL OF THE VALLEY,LOS ANGELES,BASIC,ED_Visit,11977
2013,106190708,SHERMAN OAKS HOSPITAL,LOS ANGELES,BASIC,ED_Admit,4271
2013,106190708,SHERMAN OAKS HOSPITAL,LOS ANGELES,BASIC,ED_Visit,17344
2013,106190754,ST. FRANCIS MEDICAL CENTER,LOS ANGELES,BASIC,ED_Admit,9931
2013,106190754,ST. FRANCIS MEDICAL CENTER,LOS ANGELES,BASIC,ED_Visit,62182
2013,106190756,PROVIDENCE SAINT JOHN'S HEALTH CENTER,LOS ANGELES,BASIC,ED_Admit,5619
2013,106190756,PROVIDENCE SAINT JOHN'S HEALTH CENTER,LOS ANGELES,BASIC,ED_Visit,20675
2013,106190758,PROVIDENCE SAINT JOSEPH MEDICAL CENTER,LOS ANGELES,BASIC,ED_Admit,9797
2013,106190758,PROVIDENCE SAINT JOSEPH MEDICAL CENTER,LOS ANGELES,BASIC,ED_Visit,52906
2013,106190762,ST. VINCENT MEDICAL CENTER,LOS ANGELES,STANDBY,ED_Admit,4266
2013,106190762,ST. VINCENT MEDICAL CENTER,LOS ANGELES,STANDBY,ED_Visit,11011
2013,106190766,COAST PLAZA HOSPITAL,LOS ANGELES,BASIC,ED_Admit,2914
2013,106190766,COAST PLAZA HOSPITAL,LOS ANGELES,BASIC,ED_Visit,11252
2013,106190796,RONALD REAGAN UCLA MEDICAL CENTER,LOS ANGELES,COMPREHENSIVE,ED_Admit,8846
2013,106190796,RONALD REAGAN UCLA MEDICAL CENTER,LOS ANGELES,COMPREHENSIVE,ED_Visit,28919
2013,106190812,VALLEY PRESBYTERIAN HOSPITAL,LOS ANGELES,BASIC,ED_Admit,7579
2013,106190812,VALLEY PRESBYTERIAN HOSPITAL,LOS ANGELES,BASIC,ED_Visit,55870
2013,106190818,USC VERDUGO HILLS HOSPITAL,LOS ANGELES,BASIC,ED_Admit,3339
2013,106190818,USC VERDUGO HILLS HOSPITAL,LOS ANGELES,BASIC,ED_Visit,15771
2013,106190854,LOS ANGELES METROPOLITAN MEDICAL CENTER,LOS ANGELES,BASIC,ED_Admit,815
2013,106190854,LOS ANGELES METROPOLITAN MEDICAL CENTER,LOS ANGELES,BASIC,ED_Visit,1412
2013,106190859,WEST HILLS HOSPITAL AND MEDICAL CENTER,LOS ANGELES,BASIC,ED_Admit,6054
2013,106190859,WEST HILLS HOSPITAL AND MEDICAL CENTER,LOS ANGELES,BASIC,ED_Visit,34959
2013,106190878,ADVENTIST HEALTH WHITE MEMORIAL,LOS ANGELES,BASIC,ED_Admit,9484
2013,106190878,ADVENTIST HEALTH WHITE MEMORIAL,LOS ANGELES,BASIC,ED_Visit,43058
2013,106190883,WHITTIER HOSPITAL MEDICAL CENTER,LOS ANGELES,BASIC,ED_Admit,4208
2013,106190883,WHITTIER HOSPITAL MEDICAL CENTER,LOS ANGELES,BASIC,ED_Visit,21928
2013,106190949,HENRY MAYO NEWHALL HOSPITAL,LOS ANGELES,BASIC,ED_Admit,9012
2013,106190949,HENRY MAYO NEWHALL HOSPITAL,LOS ANGELES,BASIC,ED_Visit,41774
2013,106191227,LAC/HARBOR-UCLA MEDICAL CENTER,LOS ANGELES,BASIC,ED_Admit,14578
2013,106191227,LAC/HARBOR-UCLA MEDICAL CENTER,LOS ANGELES,BASIC,ED_Visit,47956
2013,106191228,LAC+USC MEDICAL CENTER,LOS ANGELES,COMPREHENSIVE,ED_Admit,22751
2013,106191228,LAC+USC MEDICAL CENTER,LOS ANGELES,COMPREHENSIVE,ED_Visit,125384
2013,106191231,LOS ANGELES COUNTY OLIVE VIEW-UCLA MEDICAL CENTER,LOS ANGELES,BASIC,ED_Admit,8944
2013,106191231,LOS ANGELES COUNTY OLIVE VIEW-UCLA MEDICAL CENTER,LOS ANGELES,BASIC,ED_Visit,54595
2013,106191306,LAC/RANCHO LOS AMIGOS NATIONAL REHAB CENTER,LOS ANGELES,,ED_Admit,1
2013,106191306,LAC/RANCHO LOS AMIGOS NATIONAL REHAB CENTER,LOS ANGELES,,ED_Visit,
2013,106191450,KAISER FOUNDATION HOSPITAL - WOODLAND HILLS,LOS ANGELES,BASIC,ED_Admit,4654
2013,106191450,KAISER FOUNDATION HOSPITAL - WOODLAND HILLS,LOS ANGELES,BASIC,ED_Visit,34226
2013,106196035,KAISER FOUNDATION HOSPITAL - BALDWIN PARK,LOS ANGELES,BASIC,ED_Admit,7086
2013,106196035,KAISER FOUNDATION HOSPITAL - BALDWIN PARK,LOS ANGELES,BASIC,ED_Visit,69193
2013,106196403,KAISER FOUNDATION HOSPITAL - DOWNEY,LOS ANGELES,BASIC,ED_Admit,9713
2013,106196403,KAISER FOUNDATION HOSPITAL - DOWNEY,LOS ANGELES,BASIC,ED_Visit,82510
2013,106196405,PALMDALE REGIONAL MEDICAL CENTER,LOS ANGELES,BASIC,ED_Admit,6378
2013,106196405,PALMDALE REGIONAL MEDICAL CENTER,LOS ANGELES,BASIC,ED_Visit,49752
2014,106190017,ALHAMBRA HOSPITAL MEDICAL CENTER,LOS ANGELES,BASIC,ED_Admit,2959
2014,106190017,ALHAMBRA HOSPITAL MEDICAL CENTER,LOS ANGELES,BASIC,ED_Visit,11940
2014,106190034,ANTELOPE VALLEY HOSPITAL,LOS ANGELES,BASIC,ED_Admit,11822
2014,106190034,ANTELOPE VALLEY HOSPITAL,LOS ANGELES,BASIC,ED_Visit,98837
2014,106190045,CATALINA ISLAND MEDICAL CENTER,LOS ANGELES,STANDBY,ED_Admit,7
2014,106190045,CATALINA ISLAND MEDICAL CENTER,LOS ANGELES,STANDBY,ED_Visit,1807
2014,106190053,ST. MARY MEDICAL CENTER - LONG BEACH,LOS ANGELES,BASIC,ED_Admit,6443
2014,106190053,ST. MARY MEDICAL CENTER - LONG BEACH,LOS ANGELES,BASIC,ED_Visit,48296
2014,106190081,BEVERLY HOSPITAL,LOS ANGELES,BASIC,ED_Admit,6531
2014,106190081,BEVERLY HOSPITAL,LOS ANGELES,BASIC,ED_Visit,27523
2014,106190110,SOUTHERN CALIFORNIA HOSPITAL AT CULVER CITY,LOS ANGELES,BASIC,ED_Admit,6288
2014,106190110,SOUTHERN CALIFORNIA HOSPITAL AT CULVER CITY,LOS ANGELES,BASIC,ED_Visit,18538
2014,106190125,CALIFORNIA HOSPITAL MEDICAL CENTER - LOS ANGELES,LOS ANGELES,BASIC,ED_Admit,9447
2014,106190125,CALIFORNIA HOSPITAL MEDICAL CENTER - LOS ANGELES,LOS ANGELES,BASIC,ED_Visit,65301
2014,106190148,CENTINELA HOSPITAL MEDICAL CENTER,LOS ANGELES,BASIC,ED_Admit,15417
2014,106190148,CENTINELA HOSPITAL MEDICAL CENTER,LOS ANGELES,BASIC,ED_Visit,52937
2014,106190159,GARDENS REGIONAL HOSPITAL AND MEDICAL CENTER,LOS ANGELES,BASIC,ED_Admit,2711
2014,106190159,GARDENS REGIONAL HOSPITAL AND MEDICAL CENTER,LOS ANGELES,BASIC,ED_Visit,7245
2014,106190170,CHILDREN'S HOSPITAL OF LOS ANGELES,LOS ANGELES,BASIC,ED_Admit,7130
2014,106190170,CHILDREN'S HOSPITAL OF LOS ANGELES,LOS ANGELES,BASIC,ED_Visit,66871
2014,106190197,COMMUNITY HOSPITAL OF HUNTINGTON PARK,LOS ANGELES,STANDBY,ED_Admit,3305
2014,106190197,COMMUNITY HOSPITAL OF HUNTINGTON PARK,LOS ANGELES,STANDBY,ED_Visit,35991
2014,106190198,LOS ANGELES COMMUNITY HOSPITAL,LOS ANGELES,STANDBY,ED_Admit,2037
2014,106190198,LOS ANGELES COMMUNITY HOSPITAL,LOS ANGELES,STANDBY,ED_Visit,5961
2014,106190200,SAN GABRIEL VALLEY MEDICAL CENTER,LOS ANGELES,BASIC,ED_Admit,4547
2014,106190200,SAN GABRIEL VALLEY MEDICAL CENTER,LOS ANGELES,BASIC,ED_Visit,20431
2014,106190240,LAKEWOOD REGIONAL MEDICAL CENTER,LOS ANGELES,BASIC,ED_Admit,6258
2014,106190240,LAKEWOOD REGIONAL MEDICAL CENTER,LOS ANGELES,BASIC,ED_Visit,45240
2014,106190243,PIH HEALTH HOSPITAL - DOWNEY,LOS ANGELES,BASIC,ED_Admit,6344
2014,106190243,PIH HEALTH HOSPITAL - DOWNEY,LOS ANGELES,BASIC,ED_Visit,43500
2014,106190256,EAST LOS ANGELES DOCTORS HOSPITAL,LOS ANGELES,BASIC,ED_Admit,1828
2014,106190256,EAST LOS ANGELES DOCTORS HOSPITAL,LOS ANGELES,BASIC,ED_Visit,12798
2014,106190280,ENCINO HOSPITAL MEDICAL CENTER,LOS ANGELES,BASIC,ED_Admit,2156
2014,106190280,ENCINO HOSPITAL MEDICAL CENTER,LOS ANGELES,BASIC,ED_Visit,8265
2014,106190298,EMANATE HEALTH FOOTHILL PRESBYTERIAN HOSPITAL,LOS ANGELES,BASIC,ED_Admit,3706
2014,106190298,EMANATE HEALTH FOOTHILL PRESBYTERIAN HOSPITAL,LOS ANGELES,BASIC,ED_Visit,22179
2014,106190315,GARFIELD MEDICAL CENTER,LOS ANGELES,BASIC,ED_Admit,5991
2014,106190315,GARFIELD MEDICAL CENTER,LOS ANGELES,BASIC,ED_Visit,19577
2014,106190323,ADVENTIST HEALTH GLENDALE,LOS ANGELES,BASIC,ED_Admit,13489
2014,106190323,ADVENTIST HEALTH GLENDALE,LOS ANGELES,BASIC,ED_Visit,33440
2014,106190328,GLENDORA COMMUNITY HOSPITAL,LOS ANGELES,BASIC,ED_Admit,1345
2014,106190328,GLENDORA COMMUNITY HOSPITAL,LOS ANGELES,BASIC,ED_Visit,3230
2014,106190352,GREATER EL MONTE COMMUNITY HOSPITAL,LOS ANGELES,BASIC,ED_Admit,2319
2014,106190352,GREATER EL MONTE COMMUNITY HOSPITAL,LOS ANGELES,BASIC,ED_Visit,15347
2014,106190380,SOUTHERN CALIFORNIA HOSPITAL AT HOLLYWOOD,LOS ANGELES,,ED_Admit,5
2014,106190380,SOUTHERN CALIFORNIA HOSPITAL AT HOLLYWOOD,LOS ANGELES,,ED_Visit,
2014,106190382,HOLLYWOOD PRESBYTERIAN MEDICAL CENTER,LOS ANGELES,BASIC,ED_Admit,5673
2014,106190382,HOLLYWOOD PRESBYTERIAN MEDICAL CENTER,LOS ANGELES,BASIC,ED_Visit,29635
2014,106190385,PROVIDENCE HOLY CROSS MEDICAL CENTER,LOS ANGELES,BASIC,ED_Admit,10182
2014,106190385,PROVIDENCE HOLY CROSS MEDICAL CENTER,LOS ANGELES,BASIC,ED_Visit,80304
2014,106190392,GOOD SAMARITAN HOSPITAL-LOS ANGELES,LOS ANGELES,BASIC,ED_Admit,5904
2014,106190392,GOOD SAMARITAN HOSPITAL-LOS ANGELES,LOS ANGELES,BASIC,ED_Visit,27055
2014,106190400,HUNTINGTON MEMORIAL HOSPITAL,LOS ANGELES,BASIC,ED_Admit,14221
2014,106190400,HUNTINGTON MEMORIAL HOSPITAL,LOS ANGELES,BASIC,ED_Visit,44802
2014,106190413,EMANATE HEALTH INTER-COMMUNITY HOSPITAL,LOS ANGELES,BASIC,ED_Admit,6078
2014,106190413,EMANATE HEALTH INTER-COMMUNITY HOSPITAL,LOS ANGELES,BASIC,ED_Visit,15203
2014,106190422,TORRANCE MEMORIAL MEDICAL CENTER,LOS ANGELES,BASIC,ED_Admit,13372
2014,106190422,TORRANCE MEMORIAL MEDICAL CENTER,LOS ANGELES,BASIC,ED_Visit,53402
2014,106190429,KAISER FOUNDATION HOSPITAL - LOS ANGELES,LOS ANGELES,BASIC,ED_Admit,8298
2014,106190429,KAISER FOUNDATION HOSPITAL - LOS ANGELES,LOS ANGELES,BASIC,ED_Visit,57374
2014,106190431,KAISER FOUNDATION HOSPITAL - SOUTH BAY,LOS ANGELES,BASIC,ED_Admit,6152
2014,106190431,KAISER FOUNDATION HOSPITAL - SOUTH BAY,LOS ANGELES,BASIC,ED_Visit,53389
2014,106190432,KAISER FOUNDATION HOSPITAL - PANORAMA CITY,LOS ANGELES,BASIC,ED_Admit,4594
2014,106190432,KAISER FOUNDATION HOSPITAL - PANORAMA CITY,LOS ANGELES,BASIC,ED_Visit,53795
2014,106190434,KAISER FOUNDATION HOSPITAL - WEST LA,LOS ANGELES,BASIC,ED_Admit,6030
2014,106190434,KAISER FOUNDATION HOSPITAL - WEST LA,LOS ANGELES,BASIC,ED_Visit,60154
2014,106190470,PROVIDENCE LITTLE COMPANY OF MARY MEDICAL CENTER TORRANCE,LOS ANGELES,BASIC,ED_Admit,12326
2014,106190470,PROVIDENCE LITTLE COMPANY OF MARY MEDICAL CENTER TORRANCE,LOS ANGELES,BASIC,ED_Visit,58251
2014,106190475,COMMUNITY HOSPITAL LONG BEACH,LOS ANGELES,BASIC,ED_Admit,4086
2014,106190475,COMMUNITY HOSPITAL LONG BEACH,LOS ANGELES,BASIC,ED_Visit,19800
2014,106190500,CEDARS-SINAI MARINA DEL REY HOSPITAL,LOS ANGELES,BASIC,ED_Admit,2608
2014,106190500,CEDARS-SINAI MARINA DEL REY HOSPITAL,LOS ANGELES,BASIC,ED_Visit,21107
2014,106190517,PROVIDENCE TARZANA MEDICAL CENTER,LOS ANGELES,BASIC,ED_Admit,7619
2014,106190517,PROVIDENCE TARZANA MEDICAL CENTER,LOS ANGELES,BASIC,ED_Visit,31140
2014,106190521,MEMORIAL HOSPITAL OF GARDENA,LOS ANGELES,BASIC,ED_Admit,5282
2014,106190521,MEMORIAL HOSPITAL OF GARDENA,LOS ANGELES,BASIC,ED_Visit,34898
2014,106190522,GLENDALE MEMORIAL HOSPITAL AND HEALTH CENTER,LOS ANGELES,BASIC,ED_Admit,5860
2014,106190522,GLENDALE MEMORIAL HOSPITAL AND HEALTH CENTER,LOS ANGELES,BASIC,ED_Visit,31766
2014,106190524,MISSION COMMUNITY HOSPITAL - PANORAMA CAMPUS,LOS ANGELES,BASIC,ED_Admit,5731
2014,106190524,MISSION COMMUNITY HOSPITAL - PANORAMA CAMPUS,LOS ANGELES,BASIC,ED_Visit,14294
2014,106190525,MEMORIALCARE LONG BEACH MEDICAL CENTER,LOS ANGELES,BASIC,ED_Admit,14320
2014,106190525,MEMORIALCARE LONG BEACH MEDICAL CENTER,LOS ANGELES,BASIC,ED_Visit,81840
2014,106190529,METHODIST HOSPITAL OF SOUTHERN CALIFORNIA,LOS ANGELES,BASIC,ED_Admit,10931
2014,106190529,METHODIST HOSPITAL OF SOUTHERN CALIFORNIA,LOS ANGELES,BASIC,ED_Visit,35759
2014,106190534,OLYMPIA MEDICAL CENTER,LOS ANGELES,BASIC,ED_Admit,3040
2014,106190534,OLYMPIA MEDICAL CENTER,LOS ANGELES,BASIC,ED_Visit,21947
2014,106190547,MONTEREY PARK HOSPITAL,LOS ANGELES,BASIC,ED_Admit,2013
2014,106190547,MONTEREY PARK HOSPITAL,LOS ANGELES,BASIC,ED_Visit,13896
2014,106190555,CEDARS SINAI MEDICAL CENTER,LOS ANGELES,BASIC,ED_Admit,21898
2014,106190555,CEDARS SINAI MEDICAL CENTER,LOS ANGELES,BASIC,ED_Visit,64567
2014,106190568,NORTHRIDGE HOSPITAL MEDICAL CENTER,LOS ANGELES,BASIC,ED_Admit,9739
2014,106190568,NORTHRIDGE HOSPITAL MEDICAL CENTER,LOS ANGELES,BASIC,ED_Visit,47233
2014,106190570,NORWALK COMMUNITY HOSPITAL,LOS ANGELES,BASIC,ED_Admit,2104
2014,106190570,NORWALK COMMUNITY HOSPITAL,LOS ANGELES,BASIC,ED_Visit,4947
2014,106190587,COLLEGE MEDICAL CENTER,LOS ANGELES,BASIC,ED_Admit,4372
2014,106190587,COLLEGE MEDICAL CENTER,LOS ANGELES,BASIC,ED_Visit,9990
2014,106190630,POMONA VALLEY HOSPITAL MEDICAL CENTER,LOS ANGELES,BASIC,ED_Admit,8891
2014,106190630,POMONA VALLEY HOSPITAL MEDICAL CENTER,LOS ANGELES,BASIC,ED_Visit,81301
2014,106190631,PIH HEALTH HOSPITAL - WHITTIER,LOS ANGELES,BASIC,ED_Admit,11665
2014,106190631,PIH HEALTH HOSPITAL - WHITTIER,LOS ANGELES,BASIC,ED_Visit,60209
2014,106190636,EMANATE HEALTH QUEEN OF THE VALLEY HOSPITAL,LOS ANGELES,BASIC,ED_Admit,9667
2014,106190636,EMANATE HEALTH QUEEN OF THE VALLEY HOSPITAL,LOS ANGELES,BASIC,ED_Visit,50032
2014,106190673,SAN DIMAS COMMUNITY HOSPITAL,LOS ANGELES,BASIC,ED_Admit,2075
2014,106190673,SAN DIMAS COMMUNITY HOSPITAL,LOS ANGELES,BASIC,ED_Visit,14661
2014,106190680,PROVIDENCE LITTLE COMPANY OF MARY MC - SAN PEDRO,LOS ANGELES,BASIC,ED_Admit,3822
2014,106190680,PROVIDENCE LITTLE COMPANY OF MARY MC - SAN PEDRO,LOS ANGELES,BASIC,ED_Visit,35239
2014,106190687,SANTA MONICA - UCLA MEDICAL CENTER AND ORTHOPAEDIC HOSPITAL,LOS ANGELES,BASIC,ED_Admit,8401
2014,106190687,SANTA MONICA - UCLA MEDICAL CENTER AND ORTHOPAEDIC HOSPITAL,LOS ANGELES,BASIC,ED_Visit,31482
2014,106190696,PACIFICA HOSPITAL OF THE VALLEY,LOS ANGELES,BASIC,ED_Admit,2972
2014,106190696,PACIFICA HOSPITAL OF THE VALLEY,LOS ANGELES,BASIC,ED_Visit,11477
2014,106190708,SHERMAN OAKS HOSPITAL,LOS ANGELES,BASIC,ED_Admit,5193
2014,106190708,SHERMAN OAKS HOSPITAL,LOS ANGELES,BASIC,ED_Visit,19820
2014,106190754,ST. FRANCIS MEDICAL CENTER,LOS ANGELES,BASIC,ED_Admit,10256
2014,106190754,ST. FRANCIS MEDICAL CENTER,LOS ANGELES,BASIC,ED_Visit,68691
2014,106190756,PROVIDENCE SAINT JOHN'S HEALTH CENTER,LOS ANGELES,BASIC,ED_Admit,5618
2014,106190756,PROVIDENCE SAINT JOHN'S HEALTH CENTER,LOS ANGELES,BASIC,ED_Visit,21477
2014,106190758,PROVIDENCE SAINT JOSEPH MEDICAL CENTER,LOS ANGELES,BASIC,ED_Admit,9438
2014,106190758,PROVIDENCE SAINT JOSEPH MEDICAL CENTER,LOS ANGELES,BASIC,ED_Visit,54016
2014,106190762,ST. VINCENT MEDICAL CENTER,LOS ANGELES,STANDBY,ED_Admit,4242
2014,106190762,ST. VINCENT MEDICAL CENTER,LOS ANGELES,STANDBY,ED_Visit,13036
2014,106190766,COAST PLAZA HOSPITAL,LOS ANGELES,BASIC,ED_Admit,2787
2014,106190766,COAST PLAZA HOSPITAL,LOS ANGELES,BASIC,ED_Visit,13036
2014,106190796,RONALD REAGAN UCLA MEDICAL CENTER,LOS ANGELES,COMPREHENSIVE,ED_Admit,8993
2014,106190796,RONALD REAGAN UCLA MEDICAL CENTER,LOS ANGELES,COMPREHENSIVE,ED_Visit,31365
2014,106190812,VALLEY PRESBYTERIAN HOSPITAL,LOS ANGELES,BASIC,ED_Admit,7748
2014,106190812,VALLEY PRESBYTERIAN HOSPITAL,LOS ANGELES,BASIC,ED_Visit,56398
2014,106190818,USC VERDUGO HILLS HOSPITAL,LOS ANGELES,BASIC,ED_Admit,3474
2014,106190818,USC VERDUGO HILLS HOSPITAL,LOS ANGELES,BASIC,ED_Visit,17169
2014,106190859,WEST HILLS HOSPITAL AND MEDICAL CENTER,LOS ANGELES,BASIC,ED_Admit,6876
2014,106190859,WEST HILLS HOSPITAL AND MEDICAL CENTER,LOS ANGELES,BASIC,ED_Visit,39533
2014,106190878,ADVENTIST HEALTH WHITE MEMORIAL,LOS ANGELES,BASIC,ED_Admit,9782
2014,106190878,ADVENTIST HEALTH WHITE MEMORIAL,LOS ANGELES,BASIC,ED_Visit,47407
2014,106190883,WHITTIER HOSPITAL MEDICAL CENTER,LOS ANGELES,BASIC,ED_Admit,4547
2014,106190883,WHITTIER HOSPITAL MEDICAL CENTER,LOS ANGELES,BASIC,ED_Visit,23783
2014,106190949,HENRY MAYO NEWHALL HOSPITAL,LOS ANGELES,BASIC,ED_Admit,9430
2014,106190949,HENRY MAYO NEWHALL HOSPITAL,LOS ANGELES,BASIC,ED_Visit,47626
2014,106191227,LAC/HARBOR-UCLA MEDICAL CENTER,LOS ANGELES,BASIC,ED_Admit,13703
2014,106191227,LAC/HARBOR-UCLA MEDICAL CENTER,LOS ANGELES,BASIC,ED_Visit,38194
2014,106191228,LAC+USC MEDICAL CENTER,LOS ANGELES,COMPREHENSIVE,ED_Admit,22974
2014,106191228,LAC+USC MEDICAL CENTER,LOS ANGELES,COMPREHENSIVE,ED_Visit,118712
2014,106191231,LOS ANGELES COUNTY OLIVE VIEW-UCLA MEDICAL CENTER,LOS ANGELES,BASIC,ED_Admit,8950
2014,106191231,LOS ANGELES COUNTY OLIVE VIEW-UCLA MEDICAL CENTER,LOS ANGELES,BASIC,ED_Visit,54023
2014,106191450,KAISER FOUNDATION HOSPITAL - WOODLAND HILLS,LOS ANGELES,BASIC,ED_Admit,5208
2014,106191450,KAISER FOUNDATION HOSPITAL - WOODLAND HILLS,LOS ANGELES,BASIC,ED_Visit,34356
2014,106196035,KAISER FOUNDATION HOSPITAL - BALDWIN PARK,LOS ANGELES,BASIC,ED_Admit,6980
2014,106196035,KAISER FOUNDATION HOSPITAL - BALDWIN PARK,LOS ANGELES,BASIC,ED_Visit,70751
2014,106196403,KAISER FOUNDATION HOSPITAL - DOWNEY,LOS ANGELES,BASIC,ED_Admit,9609
2014,106196403,KAISER FOUNDATION HOSPITAL - DOWNEY,LOS ANGELES,BASIC,ED_Visit,82075
2014,106196405,PALMDALE REGIONAL MEDICAL CENTER,LOS ANGELES,BASIC,ED_Admit,6988
2014,106196405,PALMDALE REGIONAL MEDICAL CENTER,LOS ANGELES,BASIC,ED_Visit,59815
2015,106190017,ALHAMBRA HOSPITAL MEDICAL CENTER,LOS ANGELES,BASIC,ED_Admit,3243
2015,106190017,ALHAMBRA HOSPITAL MEDICAL CENTER,LOS ANGELES,BASIC,ED_Visit,13639
2015,106190034,ANTELOPE VALLEY HOSPITAL,LOS ANGELES,BASIC,ED_Admit,11736
2015,106190034,ANTELOPE VALLEY HOSPITAL,LOS ANGELES,BASIC,ED_Visit,108685
2015,106190045,CATALINA ISLAND MEDICAL CENTER,LOS ANGELES,STANDBY,ED_Admit,10
2015,106190045,CATALINA ISLAND MEDICAL CENTER,LOS ANGELES,STANDBY,ED_Visit,1945
2015,106190053,ST. MARY MEDICAL CENTER - LONG BEACH,LOS ANGELES,BASIC,ED_Admit,6854
2015,106190053,ST. MARY MEDICAL CENTER - LONG BEACH,LOS ANGELES,BASIC,ED_Visit,48363
2015,106190066,LOS ANGELES COMMUNITY HOSPITAL AT BELLFLOWER,LOS ANGELES,BASIC,ED_Admit,11
2015,106190066,LOS ANGELES COMMUNITY HOSPITAL AT BELLFLOWER,LOS ANGELES,BASIC,ED_Visit,
2015,106190081,BEVERLY HOSPITAL,LOS ANGELES,BASIC,ED_Admit,6650
2015,106190081,BEVERLY HOSPITAL,LOS ANGELES,BASIC,ED_Visit,28293
2015,106190110,SOUTHERN CALIFORNIA HOSPITAL AT CULVER CITY,LOS ANGELES,BASIC,ED_Admit,5648
2015,106190110,SOUTHERN CALIFORNIA HOSPITAL AT CULVER CITY,LOS ANGELES,BASIC,ED_Visit,16919
2015,106190125,CALIFORNIA HOSPITAL MEDICAL CENTER - LOS ANGELES,LOS ANGELES,BASIC,ED_Admit,10734
2015,106190125,CALIFORNIA HOSPITAL MEDICAL CENTER - LOS ANGELES,LOS ANGELES,BASIC,ED_Visit,67747
2015,106190148,CENTINELA HOSPITAL MEDICAL CENTER,LOS ANGELES,BASIC,ED_Admit,14140
2015,106190148,CENTINELA HOSPITAL MEDICAL CENTER,LOS ANGELES,BASIC,ED_Visit,49939
2015,106190159,GARDENS REGIONAL HOSPITAL AND MEDICAL CENTER,LOS ANGELES,BASIC,ED_Admit,2571
2015,106190159,GARDENS REGIONAL HOSPITAL AND MEDICAL CENTER,LOS ANGELES,BASIC,ED_Visit,6837
2015,106190170,CHILDREN'S HOSPITAL OF LOS ANGELES,LOS ANGELES,BASIC,ED_Admit,7401
2015,106190170,CHILDREN'S HOSPITAL OF LOS ANGELES,LOS ANGELES,BASIC,ED_Visit,72352
2015,106190197,COMMUNITY HOSPITAL OF HUNTINGTON PARK,LOS ANGELES,STANDBY,ED_Admit,3057
2015,106190197,COMMUNITY HOSPITAL OF HUNTINGTON PARK,LOS ANGELES,STANDBY,ED_Visit,40211
2015,106190198,LOS ANGELES COMMUNITY HOSPITAL,LOS ANGELES,STANDBY,ED_Admit,2142
2015,106190198,LOS ANGELES COMMUNITY HOSPITAL,LOS ANGELES,STANDBY,ED_Visit,6199
2015,106190200,SAN GABRIEL VALLEY MEDICAL CENTER,LOS ANGELES,BASIC,ED_Admit,5234
2015,106190200,SAN GABRIEL VALLEY MEDICAL CENTER,LOS ANGELES,BASIC,ED_Visit,22112
2015,106190240,LAKEWOOD REGIONAL MEDICAL CENTER,LOS ANGELES,BASIC,ED_Admit,6390
2015,106190240,LAKEWOOD REGIONAL MEDICAL CENTER,LOS ANGELES,BASIC,ED_Visit,48079
2015,106190243,PIH HEALTH HOSPITAL - DOWNEY,LOS ANGELES,BASIC,ED_Admit,5483
2015,106190243,PIH HEALTH HOSPITAL - DOWNEY,LOS ANGELES,BASIC,ED_Visit,43780
2015,106190256,EAST LOS ANGELES DOCTORS HOSPITAL,LOS ANGELES,BASIC,ED_Admit,2118
2015,106190256,EAST LOS ANGELES DOCTORS HOSPITAL,LOS ANGELES,BASIC,ED_Visit,14021
2015,106190280,ENCINO HOSPITAL MEDICAL CENTER,LOS ANGELES,BASIC,ED_Admit,2284
2015,106190280,ENCINO HOSPITAL MEDICAL CENTER,LOS ANGELES,BASIC,ED_Visit,9204
2015,106190298,EMANATE HEALTH FOOTHILL PRESBYTERIAN HOSPITAL,LOS ANGELES,BASIC,ED_Admit,4108
2015,106190298,EMANATE HEALTH FOOTHILL PRESBYTERIAN HOSPITAL,LOS ANGELES,BASIC,ED_Visit,21484
2015,106190315,GARFIELD MEDICAL CENTER,LOS ANGELES,BASIC,ED_Admit,6426
2015,106190315,GARFIELD MEDICAL CENTER,LOS ANGELES,BASIC,ED_Visit,21909
2015,106190323,ADVENTIST HEALTH GLENDALE,LOS ANGELES,BASIC,ED_Admit,13637
2015,106190323,ADVENTIST HEALTH GLENDALE,LOS ANGELES,BASIC,ED_Visit,43288
2015,106190328,GLENDORA COMMUNITY HOSPITAL,LOS ANGELES,BASIC,ED_Admit,1222
2015,106190328,GLENDORA COMMUNITY HOSPITAL,LOS ANGELES,BASIC,ED_Visit,3769
2015,106190352,GREATER EL MONTE COMMUNITY HOSPITAL,LOS ANGELES,BASIC,ED_Admit,2520
2015,106190352,GREATER EL MONTE COMMUNITY HOSPITAL,LOS ANGELES,BASIC,ED_Visit,16284
2015,106190382,HOLLYWOOD PRESBYTERIAN MEDICAL CENTER,LOS ANGELES,BASIC,ED_Admit,6300
2015,106190382,HOLLYWOOD PRESBYTERIAN MEDICAL CENTER,LOS ANGELES,BASIC,ED_Visit,30118
2015,106190385,PROVIDENCE HOLY CROSS MEDICAL CENTER,LOS ANGELES,BASIC,ED_Admit,10894
2015,106190385,PROVIDENCE HOLY CROSS MEDICAL CENTER,LOS ANGELES,BASIC,ED_Visit,88883
2015,106190392,GOOD SAMARITAN HOSPITAL-LOS ANGELES,LOS ANGELES,BASIC,ED_Admit,6015
2015,106190392,GOOD SAMARITAN HOSPITAL-LOS ANGELES,LOS ANGELES,BASIC,ED_Visit,28281
2015,106190400,HUNTINGTON MEMORIAL HOSPITAL,LOS ANGELES,BASIC,ED_Admit,15564
2015,106190400,HUNTINGTON MEMORIAL HOSPITAL,LOS ANGELES,BASIC,ED_Visit,49438
2015,106190413,EMANATE HEALTH INTER-COMMUNITY HOSPITAL,LOS ANGELES,BASIC,ED_Admit,5785
2015,106190413,EMANATE HEALTH INTER-COMMUNITY HOSPITAL,LOS ANGELES,BASIC,ED_Visit,15852
2015,106190422,TORRANCE MEMORIAL MEDICAL CENTER,LOS ANGELES,BASIC,ED_Admit,15165
2015,106190422,TORRANCE MEMORIAL MEDICAL CENTER,LOS ANGELES,BASIC,ED_Visit,58925
2015,106190429,KAISER FOUNDATION HOSPITAL - LOS ANGELES,LOS ANGELES,BASIC,ED_Admit,8296
2015,106190429,KAISER FOUNDATION HOSPITAL - LOS ANGELES,LOS ANGELES,BASIC,ED_Visit,64773
2015,106190431,KAISER FOUNDATION HOSPITAL - SOUTH BAY,LOS ANGELES,BASIC,ED_Admit,6339
2015,106190431,KAISER FOUNDATION HOSPITAL - SOUTH BAY,LOS ANGELES,BASIC,ED_Visit,54117
2015,106190432,KAISER FOUNDATION HOSPITAL - PANORAMA CITY,LOS ANGELES,BASIC,ED_Admit,4208
2015,106190432,KAISER FOUNDATION HOSPITAL - PANORAMA CITY,LOS ANGELES,BASIC,ED_Visit,58891
2015,106190434,KAISER FOUNDATION HOSPITAL - WEST LA,LOS ANGELES,BASIC,ED_Admit,5769
2015,106190434,KAISER FOUNDATION HOSPITAL - WEST LA,LOS ANGELES,BASIC,ED_Visit,63857
2015,106190470,PROVIDENCE LITTLE COMPANY OF MARY MEDICAL CENTER TORRANCE,LOS ANGELES,BASIC,ED_Admit,14257
2015,106190470,PROVIDENCE LITTLE COMPANY OF MARY MEDICAL CENTER TORRANCE,LOS ANGELES,BASIC,ED_Visit,58959
2015,106190475,COMMUNITY HOSPITAL LONG BEACH,LOS ANGELES,BASIC,ED_Admit,4653
2015,106190475,COMMUNITY HOSPITAL LONG BEACH,LOS ANGELES,BASIC,ED_Visit,21727
2015,106190500,CEDARS-SINAI MARINA DEL REY HOSPITAL,LOS ANGELES,BASIC,ED_Admit,2709
2015,106190500,CEDARS-SINAI MARINA DEL REY HOSPITAL,LOS ANGELES,BASIC,ED_Visit,24023
2015,106190517,PROVIDENCE TARZANA MEDICAL CENTER,LOS ANGELES,BASIC,ED_Admit,8150
2015,106190517,PROVIDENCE TARZANA MEDICAL CENTER,LOS ANGELES,BASIC,ED_Visit,35983
2015,106190521,MEMORIAL HOSPITAL OF GARDENA,LOS ANGELES,BASIC,ED_Admit,5010
2015,106190521,MEMORIAL HOSPITAL OF GARDENA,LOS ANGELES,BASIC,ED_Visit,35168
2015,106190522,GLENDALE MEMORIAL HOSPITAL AND HEALTH CENTER,LOS ANGELES,BASIC,ED_Admit,5868
2015,106190522,GLENDALE MEMORIAL HOSPITAL AND HEALTH CENTER,LOS ANGELES,BASIC,ED_Visit,33531
2015,106190524,MISSION COMMUNITY HOSPITAL - PANORAMA CAMPUS,LOS ANGELES,BASIC,ED_Admit,5585
2015,106190524,MISSION COMMUNITY HOSPITAL - PANORAMA CAMPUS,LOS ANGELES,BASIC,ED_Visit,14379
2015,106190525,MEMORIALCARE LONG BEACH MEDICAL CENTER,LOS ANGELES,BASIC,ED_Admit,14622
2015,106190525,MEMORIALCARE LONG BEACH MEDICAL CENTER,LOS ANGELES,BASIC,ED_Visit,82700
2015,106190529,METHODIST HOSPITAL OF SOUTHERN CALIFORNIA,LOS ANGELES,BASIC,ED_Admit,11597
2015,106190529,METHODIST HOSPITAL OF SOUTHERN CALIFORNIA,LOS ANGELES,BASIC,ED_Visit,41925
2015,106190534,OLYMPIA MEDICAL CENTER,LOS ANGELES,BASIC,ED_Admit,5035
2015,106190534,OLYMPIA MEDICAL CENTER,LOS ANGELES,BASIC,ED_Visit,23046
2015,106190547,MONTEREY PARK HOSPITAL,LOS ANGELES,BASIC,ED_Admit,2423
2015,106190547,MONTEREY PARK HOSPITAL,LOS ANGELES,BASIC,ED_Visit,15957
2015,106190555,CEDARS SINAI MEDICAL CENTER,LOS ANGELES,BASIC,ED_Admit,24355
2015,106190555,CEDARS SINAI MEDICAL CENTER,LOS ANGELES,BASIC,ED_Visit,63122
2015,106190568,NORTHRIDGE HOSPITAL MEDICAL CENTER,LOS ANGELES,BASIC,ED_Admit,9960
2015,106190568,NORTHRIDGE HOSPITAL MEDICAL CENTER,LOS ANGELES,BASIC,ED_Visit,47718
2015,106190570,NORWALK COMMUNITY HOSPITAL,LOS ANGELES,BASIC,ED_Admit,2092
2015,106190570,NORWALK COMMUNITY HOSPITAL,LOS ANGELES,BASIC,ED_Visit,5350
2015,106190587,COLLEGE MEDICAL CENTER,LOS ANGELES,BASIC,ED_Admit,5208
2015,106190587,COLLEGE MEDICAL CENTER,LOS ANGELES,BASIC,ED_Visit,10129
2015,106190630,POMONA VALLEY HOSPITAL MEDICAL CENTER,LOS ANGELES,BASIC,ED_Admit,10294
2015,106190630,POMONA VALLEY HOSPITAL MEDICAL CENTER,LOS ANGELES,BASIC,ED_Visit,84580
2015,106190631,PIH HEALTH HOSPITAL - WHITTIER,LOS ANGELES,BASIC,ED_Admit,12131
2015,106190631,PIH HEALTH HOSPITAL - WHITTIER,LOS ANGELES,BASIC,ED_Visit,61887
2015,106190636,EMANATE HEALTH QUEEN OF THE VALLEY HOSPITAL,LOS ANGELES,BASIC,ED_Admit,9666
2015,106190636,EMANATE HEALTH QUEEN OF THE VALLEY HOSPITAL,LOS ANGELES,BASIC,ED_Visit,42724
2015,106190673,SAN DIMAS COMMUNITY HOSPITAL,LOS ANGELES,BASIC,ED_Admit,2021
2015,106190673,SAN DIMAS COMMUNITY HOSPITAL,LOS ANGELES,BASIC,ED_Visit,15743
2015,106190680,PROVIDENCE LITTLE COMPANY OF MARY MC - SAN PEDRO,LOS ANGELES,BASIC,ED_Admit,4183
2015,106190680,PROVIDENCE LITTLE COMPANY OF MARY MC - SAN PEDRO,LOS ANGELES,BASIC,ED_Visit,36463
2015,106190687,SANTA MONICA - UCLA MEDICAL CENTER AND ORTHOPAEDIC HOSPITAL,LOS ANGELES,BASIC,ED_Admit,8468
2015,106190687,SANTA MONICA - UCLA MEDICAL CENTER AND ORTHOPAEDIC HOSPITAL,LOS ANGELES,BASIC,ED_Visit,35415
2015,106190696,PACIFICA HOSPITAL OF THE VALLEY,LOS ANGELES,BASIC,ED_Admit,2670
2015,106190696,PACIFICA HOSPITAL OF THE VALLEY,LOS ANGELES,BASIC,ED_Visit,12123
2015,106190708,SHERMAN OAKS HOSPITAL,LOS ANGELES,BASIC,ED_Admit,5611
2015,106190708,SHERMAN OAKS HOSPITAL,LOS ANGELES,BASIC,ED_Visit,22341
2015,106190754,ST. FRANCIS MEDICAL CENTER,LOS ANGELES,BASIC,ED_Admit,10944
2015,106190754,ST. FRANCIS MEDICAL CENTER,LOS ANGELES,BASIC,ED_Visit,69633
2015,106190756,PROVIDENCE SAINT JOHN'S HEALTH CENTER,LOS ANGELES,BASIC,ED_Admit,6165
2015,106190756,PROVIDENCE SAINT JOHN'S HEALTH CENTER,LOS ANGELES,BASIC,ED_Visit,22500
2015,106190758,PROVIDENCE SAINT JOSEPH MEDICAL CENTER,LOS ANGELES,BASIC,ED_Admit,10475
2015,106190758,PROVIDENCE SAINT JOSEPH MEDICAL CENTER,LOS ANGELES,BASIC,ED_Visit,53558
2015,106190762,ST. VINCENT MEDICAL CENTER,LOS ANGELES,STANDBY,ED_Admit,5742
2015,106190762,ST. VINCENT MEDICAL CENTER,LOS ANGELES,STANDBY,ED_Visit,19302
2015,106190766,COAST PLAZA HOSPITAL,LOS ANGELES,BASIC,ED_Admit,2969
2015,106190766,COAST PLAZA HOSPITAL,LOS ANGELES,BASIC,ED_Visit,14638
2015,106190796,RONALD REAGAN UCLA MEDICAL CENTER,LOS ANGELES,COMPREHENSIVE,ED_Admit,10163
2015,106190796,RONALD REAGAN UCLA MEDICAL CENTER,LOS ANGELES,COMPREHENSIVE,ED_Visit,34274
2015,106190812,VALLEY PRESBYTERIAN HOSPITAL,LOS ANGELES,BASIC,ED_Admit,6747
2015,106190812,VALLEY PRESBYTERIAN HOSPITAL,LOS ANGELES,BASIC,ED_Visit,60887
2015,106190818,USC VERDUGO HILLS HOSPITAL,LOS ANGELES,BASIC,ED_Admit,3616
2015,106190818,USC VERDUGO HILLS HOSPITAL,LOS ANGELES,BASIC,ED_Visit,17833
2015,106190859,WEST HILLS HOSPITAL AND MEDICAL CENTER,LOS ANGELES,BASIC,ED_Admit,7648
2015,106190859,WEST HILLS HOSPITAL AND MEDICAL CENTER,LOS ANGELES,BASIC,ED_Visit,46047
2015,106190878,ADVENTIST HEALTH WHITE MEMORIAL,LOS ANGELES,BASIC,ED_Admit,9819
2015,106190878,ADVENTIST HEALTH WHITE MEMORIAL,LOS ANGELES,BASIC,ED_Visit,49887
2015,106190883,WHITTIER HOSPITAL MEDICAL CENTER,LOS ANGELES,BASIC,ED_Admit,4937
2015,106190883,WHITTIER HOSPITAL MEDICAL CENTER,LOS ANGELES,BASIC,ED_Visit,24941
2015,106190949,HENRY MAYO NEWHALL HOSPITAL,LOS ANGELES,BASIC,ED_Admit,9179
2015,106190949,HENRY MAYO NEWHALL HOSPITAL,LOS ANGELES,BASIC,ED_Visit,54293
2015,106191227,LAC/HARBOR-UCLA MEDICAL CENTER,LOS ANGELES,BASIC,ED_Admit,12440
2015,106191227,LAC/HARBOR-UCLA MEDICAL CENTER,LOS ANGELES,BASIC,ED_Visit,55921
2015,106191228,LAC+USC MEDICAL CENTER,LOS ANGELES,COMPREHENSIVE,ED_Admit,21194
2015,106191228,LAC+USC MEDICAL CENTER,LOS ANGELES,COMPREHENSIVE,ED_Visit,111906
2015,106191230,"MARTIN LUTHER KING, JR. COMMUNITY HOSPITAL",LOS ANGELES,BASIC,ED_Admit,1591
2015,106191230,"MARTIN LUTHER KING, JR. COMMUNITY HOSPITAL",LOS ANGELES,BASIC,ED_Visit,18480
2015,106191231,LOS ANGELES COUNTY OLIVE VIEW-UCLA MEDICAL CENTER,LOS ANGELES,BASIC,ED_Admit,7907
2015,106191231,LOS ANGELES COUNTY OLIVE VIEW-UCLA MEDICAL CENTER,LOS ANGELES,BASIC,ED_Visit,53923
2015,106191450,KAISER FOUNDATION HOSPITAL - WOODLAND HILLS,LOS ANGELES,BASIC,ED_Admit,5476
2015,106191450,KAISER FOUNDATION HOSPITAL - WOODLAND HILLS,LOS ANGELES,BASIC,ED_Visit,36335
2015,106196035,KAISER FOUNDATION HOSPITAL - BALDWIN PARK,LOS ANGELES,BASIC,ED_Admit,6875
2015,106196035,KAISER FOUNDATION HOSPITAL - BALDWIN PARK,LOS ANGELES,BASIC,ED_Visit,74567
2015,106196403,KAISER FOUNDATION HOSPITAL - DOWNEY,LOS ANGELES,BASIC,ED_Admit,8883
2015,106196403,KAISER FOUNDATION HOSPITAL - DOWNEY,LOS ANGELES,BASIC,ED_Visit,81787
2015,106196405,PALMDALE REGIONAL MEDICAL CENTER,LOS ANGELES,BASIC,ED_Admit,6969
2015,106196405,PALMDALE REGIONAL MEDICAL CENTER,LOS ANGELES,BASIC,ED_Visit,66321
2016,106190017,ALHAMBRA HOSPITAL MEDICAL CENTER,LOS ANGELES,BASIC,ED_Admit,3364
2016,106190017,ALHAMBRA HOSPITAL MEDICAL CENTER,LOS ANGELES,BASIC,ED_Visit,15337
2016,106190034,ANTELOPE VALLEY HOSPITAL,LOS ANGELES,BASIC,ED_Admit,11916
2016,106190034,ANTELOPE VALLEY HOSPITAL,LOS ANGELES,BASIC,ED_Visit,113946
2016,106190045,CATALINA ISLAND MEDICAL CENTER,LOS ANGELES,STANDBY,ED_Admit,11
2016,106190045,CATALINA ISLAND MEDICAL CENTER,LOS ANGELES,STANDBY,ED_Visit,1966
2016,106190053,ST. MARY MEDICAL CENTER - LONG BEACH,LOS ANGELES,BASIC,ED_Admit,6341
2016,106190053,ST. MARY MEDICAL CENTER - LONG BEACH,LOS ANGELES,BASIC,ED_Visit,48118
2016,106190066,LOS ANGELES COMMUNITY HOSPITAL AT BELLFLOWER,LOS ANGELES,BASIC,ED_Admit,20
2016,106190066,LOS ANGELES COMMUNITY HOSPITAL AT BELLFLOWER,LOS ANGELES,BASIC,ED_Visit,
2016,106190081,BEVERLY HOSPITAL,LOS ANGELES,BASIC,ED_Admit,6296
2016,106190081,BEVERLY HOSPITAL,LOS ANGELES,BASIC,ED_Visit,28530
2016,106190110,SOUTHERN CALIFORNIA HOSPITAL AT CULVER CITY,LOS ANGELES,BASIC,ED_Admit,4371
2016,106190110,SOUTHERN CALIFORNIA HOSPITAL AT CULVER CITY,LOS ANGELES,BASIC,ED_Visit,15467
2016,106190125,CALIFORNIA HOSPITAL MEDICAL CENTER - LOS ANGELES,LOS ANGELES,BASIC,ED_Admit,10572
2016,106190125,CALIFORNIA HOSPITAL MEDICAL CENTER - LOS ANGELES,LOS ANGELES,BASIC,ED_Visit,56823
2016,106190148,CENTINELA HOSPITAL MEDICAL CENTER,LOS ANGELES,BASIC,ED_Admit,14115
2016,106190148,CENTINELA HOSPITAL MEDICAL CENTER,LOS ANGELES,BASIC,ED_Visit,48460
2016,106190159,GARDENS REGIONAL HOSPITAL AND MEDICAL CENTER,LOS ANGELES,BASIC,ED_Admit,1646
2016,106190159,GARDENS REGIONAL HOSPITAL AND MEDICAL CENTER,LOS ANGELES,BASIC,ED_Visit,2456
2016,106190170,CHILDREN'S HOSPITAL OF LOS ANGELES,LOS ANGELES,BASIC,ED_Admit,7806
2016,106190170,CHILDREN'S HOSPITAL OF LOS ANGELES,LOS ANGELES,BASIC,ED_Visit,76119
2016,106190184,COLLEGE HOSPITAL,LOS ANGELES,,ED_Admit,6
2016,106190184,COLLEGE HOSPITAL,LOS ANGELES,,ED_Visit,
2016,106190197,COMMUNITY HOSPITAL OF HUNTINGTON PARK,LOS ANGELES,STANDBY,ED_Admit,3115
2016,106190197,COMMUNITY HOSPITAL OF HUNTINGTON PARK,LOS ANGELES,STANDBY,ED_Visit,41678
2016,106190198,LOS ANGELES COMMUNITY HOSPITAL,LOS ANGELES,STANDBY,ED_Admit,2189
2016,106190198,LOS ANGELES COMMUNITY HOSPITAL,LOS ANGELES,STANDBY,ED_Visit,6275
2016,106190200,SAN GABRIEL VALLEY MEDICAL CENTER,LOS ANGELES,BASIC,ED_Admit,5054
2016,106190200,SAN GABRIEL VALLEY MEDICAL CENTER,LOS ANGELES,BASIC,ED_Visit,21952
2016,106190240,LAKEWOOD REGIONAL MEDICAL CENTER,LOS ANGELES,BASIC,ED_Admit,6176
2016,106190240,LAKEWOOD REGIONAL MEDICAL CENTER,LOS ANGELES,BASIC,ED_Visit,43070
2016,106190243,PIH HEALTH HOSPITAL - DOWNEY,LOS ANGELES,BASIC,ED_Admit,5715
2016,106190243,PIH HEALTH HOSPITAL - DOWNEY,LOS ANGELES,BASIC,ED_Visit,46613
2016,106190256,EAST LOS ANGELES DOCTORS HOSPITAL,LOS ANGELES,BASIC,ED_Admit,1978
2016,106190256,EAST LOS ANGELES DOCTORS HOSPITAL,LOS ANGELES,BASIC,ED_Visit,13995
2016,106190280,ENCINO HOSPITAL MEDICAL CENTER,LOS ANGELES,BASIC,ED_Admit,2202
2016,106190280,ENCINO HOSPITAL MEDICAL CENTER,LOS ANGELES,BASIC,ED_Visit,8949
2016,106190298,EMANATE HEALTH FOOTHILL PRESBYTERIAN HOSPITAL,LOS ANGELES,BASIC,ED_Admit,4093
2016,106190298,EMANATE HEALTH FOOTHILL PRESBYTERIAN HOSPITAL,LOS ANGELES,BASIC,ED_Visit,26257
2016,106190315,GARFIELD MEDICAL CENTER,LOS ANGELES,BASIC,ED_Admit,6676
2016,106190315,GARFIELD MEDICAL CENTER,LOS ANGELES,BASIC,ED_Visit,21534
2016,106190323,ADVENTIST HEALTH GLENDALE,LOS ANGELES,BASIC,ED_Admit,14821
2016,106190323,ADVENTIST HEALTH GLENDALE,LOS ANGELES,BASIC,ED_Visit,44832
2016,106190328,GLENDORA COMMUNITY HOSPITAL,LOS ANGELES,BASIC,ED_Admit,1402
2016,106190328,GLENDORA COMMUNITY HOSPITAL,LOS ANGELES,BASIC,ED_Visit,4178
2016,106190352,GREATER EL MONTE COMMUNITY HOSPITAL,LOS ANGELES,BASIC,ED_Admit,2676
2016,106190352,GREATER EL MONTE COMMUNITY HOSPITAL,LOS ANGELES,BASIC,ED_Visit,18778
2016,106190382,HOLLYWOOD PRESBYTERIAN MEDICAL CENTER,LOS ANGELES,BASIC,ED_Admit,6433
2016,106190382,HOLLYWOOD PRESBYTERIAN MEDICAL CENTER,LOS ANGELES,BASIC,ED_Visit,29684
2016,106190385,PROVIDENCE HOLY CROSS MEDICAL CENTER,LOS ANGELES,BASIC,ED_Admit,10358
2016,106190385,PROVIDENCE HOLY CROSS MEDICAL CENTER,LOS ANGELES,BASIC,ED_Visit,91962
2016,106190392,GOOD SAMARITAN HOSPITAL-LOS ANGELES,LOS ANGELES,BASIC,ED_Admit,5936
2016,106190392,GOOD SAMARITAN HOSPITAL-LOS ANGELES,LOS ANGELES,BASIC,ED_Visit,29905
2016,106190400,HUNTINGTON MEMORIAL HOSPITAL,LOS ANGELES,BASIC,ED_Admit,17843
2016,106190400,HUNTINGTON MEMORIAL HOSPITAL,LOS ANGELES,BASIC,ED_Visit,51446
2016,106190413,EMANATE HEALTH INTER-COMMUNITY HOSPITAL,LOS ANGELES,BASIC,ED_Admit,5857
2016,106190413,EMANATE HEALTH INTER-COMMUNITY HOSPITAL,LOS ANGELES,BASIC,ED_Visit,18852
2016,106190422,TORRANCE MEMORIAL MEDICAL CENTER,LOS ANGELES,BASIC,ED_Admit,16404
2016,106190422,TORRANCE MEMORIAL MEDICAL CENTER,LOS ANGELES,BASIC,ED_Visit,61493
2016,106190429,KAISER FOUNDATION HOSPITAL - LOS ANGELES,LOS ANGELES,BASIC,ED_Admit,8623
2016,106190429,KAISER FOUNDATION HOSPITAL - LOS ANGELES,LOS ANGELES,BASIC,ED_Visit,67840
2016,106190431,KAISER FOUNDATION HOSPITAL - SOUTH BAY,LOS ANGELES,BASIC,ED_Admit,5114
2016,106190431,KAISER FOUNDATION HOSPITAL - SOUTH BAY,LOS ANGELES,BASIC,ED_Visit,56963
2016,106190432,KAISER FOUNDATION HOSPITAL - PANORAMA CITY,LOS ANGELES,BASIC,ED_Admit,3893
2016,106190432,KAISER FOUNDATION HOSPITAL - PANORAMA CITY,LOS ANGELES,BASIC,ED_Visit,62494
2016,106190434,KAISER FOUNDATION HOSPITAL - WEST LA,LOS ANGELES,BASIC,ED_Admit,3210
2016,106190434,KAISER FOUNDATION HOSPITAL - WEST LA,LOS ANGELES,BASIC,ED_Visit,68844
2016,106190470,PROVIDENCE LITTLE COMPANY OF MARY MEDICAL CENTER TORRANCE,LOS ANGELES,BASIC,ED_Admit,13065
2016,106190470,PROVIDENCE LITTLE COMPANY OF MARY MEDICAL CENTER TORRANCE,LOS ANGELES,BASIC,ED_Visit,59038
2016,106190475,COMMUNITY HOSPITAL LONG BEACH,LOS ANGELES,BASIC,ED_Admit,4606
2016,106190475,COMMUNITY HOSPITAL LONG BEACH,LOS ANGELES,BASIC,ED_Visit,22209
2016,106190500,CEDARS-SINAI MARINA DEL REY HOSPITAL,LOS ANGELES,BASIC,ED_Admit,2282
2016,106190500,CEDARS-SINAI MARINA DEL REY HOSPITAL,LOS ANGELES,BASIC,ED_Visit,26072
2016,106190517,PROVIDENCE TARZANA MEDICAL CENTER,LOS ANGELES,BASIC,ED_Admit,7692
2016,106190517,PROVIDENCE TARZANA MEDICAL CENTER,LOS ANGELES,BASIC,ED_Visit,40158
2016,106190521,MEMORIAL HOSPITAL OF GARDENA,LOS ANGELES,BASIC,ED_Admit,5047
2016,106190521,MEMORIAL HOSPITAL OF GARDENA,LOS ANGELES,BASIC,ED_Visit,36358
2016,106190522,GLENDALE MEMORIAL HOSPITAL AND HEALTH CENTER,LOS ANGELES,BASIC,ED_Admit,5600
2016,106190522,GLENDALE MEMORIAL HOSPITAL AND HEALTH CENTER,LOS ANGELES,BASIC,ED_Visit,33904
2016,106190524,MISSION COMMUNITY HOSPITAL - PANORAMA CAMPUS,LOS ANGELES,BASIC,ED_Admit,5832
2016,106190524,MISSION COMMUNITY HOSPITAL - PANORAMA CAMPUS,LOS ANGELES,BASIC,ED_Visit,13648
2016,106190525,MEMORIALCARE LONG BEACH MEDICAL CENTER,LOS ANGELES,BASIC,ED_Admit,14653
2016,106190525,MEMORIALCARE LONG BEACH MEDICAL CENTER,LOS ANGELES,BASIC,ED_Visit,85163
2016,106190529,METHODIST HOSPITAL OF SOUTHERN CALIFORNIA,LOS ANGELES,BASIC,ED_Admit,11610
2016,106190529,METHODIST HOSPITAL OF SOUTHERN CALIFORNIA,LOS ANGELES,BASIC,ED_Visit,43822
2016,106190534,OLYMPIA MEDICAL CENTER,LOS ANGELES,BASIC,ED_Admit,4794
2016,106190534,OLYMPIA MEDICAL CENTER,LOS ANGELES,BASIC,ED_Visit,21474
2016,106190547,MONTEREY PARK HOSPITAL,LOS ANGELES,BASIC,ED_Admit,2711
2016,106190547,MONTEREY PARK HOSPITAL,LOS ANGELES,BASIC,ED_Visit,19771
2016,106190555,CEDARS SINAI MEDICAL CENTER,LOS ANGELES,BASIC,ED_Admit,25467
2016,106190555,CEDARS SINAI MEDICAL CENTER,LOS ANGELES,BASIC,ED_Visit,65489
2016,106190568,NORTHRIDGE HOSPITAL MEDICAL CENTER,LOS ANGELES,BASIC,ED_Admit,10186
2016,106190568,NORTHRIDGE HOSPITAL MEDICAL CENTER,LOS ANGELES,BASIC,ED_Visit,56580
2016,106190570,NORWALK COMMUNITY HOSPITAL,LOS ANGELES,BASIC,ED_Admit,2080
2016,106190570,NORWALK COMMUNITY HOSPITAL,LOS ANGELES,BASIC,ED_Visit,5001
2016,106190587,COLLEGE MEDICAL CENTER,LOS ANGELES,BASIC,ED_Admit,4815
2016,106190587,COLLEGE MEDICAL CENTER,LOS ANGELES,BASIC,ED_Visit,9696
2016,106190630,POMONA VALLEY HOSPITAL MEDICAL CENTER,LOS ANGELES,BASIC,ED_Admit,11818
2016,106190630,POMONA VALLEY HOSPITAL MEDICAL CENTER,LOS ANGELES,BASIC,ED_Visit,83925
2016,106190631,PIH HEALTH HOSPITAL - WHITTIER,LOS ANGELES,BASIC,ED_Admit,11544
2016,106190631,PIH HEALTH HOSPITAL - WHITTIER,LOS ANGELES,BASIC,ED_Visit,61916
2016,106190636,EMANATE HEALTH QUEEN OF THE VALLEY HOSPITAL,LOS ANGELES,BASIC,ED_Admit,9171
2016,106190636,EMANATE HEALTH QUEEN OF THE VALLEY HOSPITAL,LOS ANGELES,BASIC,ED_Visit,49584
2016,106190673,SAN DIMAS COMMUNITY HOSPITAL,LOS ANGELES,BASIC,ED_Admit,2251
2016,106190673,SAN DIMAS COMMUNITY HOSPITAL,LOS ANGELES,BASIC,ED_Visit,15073
2016,106190680,PROVIDENCE LITTLE COMPANY OF MARY MC - SAN PEDRO,LOS ANGELES,BASIC,ED_Admit,3687
2016,106190680,PROVIDENCE LITTLE COMPANY OF MARY MC - SAN PEDRO,LOS ANGELES,BASIC,ED_Visit,37386
2016,106190687,SANTA MONICA - UCLA MEDICAL CENTER AND ORTHOPAEDIC HOSPITAL,LOS ANGELES,BASIC,ED_Admit,8565
2016,106190687,SANTA MONICA - UCLA MEDICAL CENTER AND ORTHOPAEDIC HOSPITAL,LOS ANGELES,BASIC,ED_Visit,38426
2016,106190696,PACIFICA HOSPITAL OF THE VALLEY,LOS ANGELES,BASIC,ED_Admit,2327
2016,106190696,PACIFICA HOSPITAL OF THE VALLEY,LOS ANGELES,BASIC,ED_Visit,12104
2016,106190708,SHERMAN OAKS HOSPITAL,LOS ANGELES,BASIC,ED_Admit,5334
2016,106190708,SHERMAN OAKS HOSPITAL,LOS ANGELES,BASIC,ED_Visit,22009
2016,106190754,ST. FRANCIS MEDICAL CENTER,LOS ANGELES,BASIC,ED_Admit,11758
2016,106190754,ST. FRANCIS MEDICAL CENTER,LOS ANGELES,BASIC,ED_Visit,66591
2016,106190756,PROVIDENCE SAINT JOHN'S HEALTH CENTER,LOS ANGELES,BASIC,ED_Admit,5810
2016,106190756,PROVIDENCE SAINT JOHN'S HEALTH CENTER,LOS ANGELES,BASIC,ED_Visit,22298
2016,106190758,PROVIDENCE SAINT JOSEPH MEDICAL CENTER,LOS ANGELES,BASIC,ED_Admit,10149
2016,106190758,PROVIDENCE SAINT JOSEPH MEDICAL CENTER,LOS ANGELES,BASIC,ED_Visit,54279
2016,106190762,ST. VINCENT MEDICAL CENTER,LOS ANGELES,STANDBY,ED_Admit,6495
2016,106190762,ST. VINCENT MEDICAL CENTER,LOS ANGELES,STANDBY,ED_Visit,23288
2016,106190766,COAST PLAZA HOSPITAL,LOS ANGELES,BASIC,ED_Admit,2997
2016,106190766,COAST PLAZA HOSPITAL,LOS ANGELES,BASIC,ED_Visit,14669
2016,106190796,RONALD REAGAN UCLA MEDICAL CENTER,LOS ANGELES,COMPREHENSIVE,ED_Admit,10249
2016,106190796,RONALD REAGAN UCLA MEDICAL CENTER,LOS ANGELES,COMPREHENSIVE,ED_Visit,37402
2016,106190812,VALLEY PRESBYTERIAN HOSPITAL,LOS ANGELES,BASIC,ED_Admit,6493
2016,106190812,VALLEY PRESBYTERIAN HOSPITAL,LOS ANGELES,BASIC,ED_Visit,63906
2016,106190818,USC VERDUGO HILLS HOSPITAL,LOS ANGELES,BASIC,ED_Admit,3910
2016,106190818,USC VERDUGO HILLS HOSPITAL,LOS ANGELES,BASIC,ED_Visit,18475
2016,106190859,WEST HILLS HOSPITAL AND MEDICAL CENTER,LOS ANGELES,BASIC,ED_Admit,7609
2016,106190859,WEST HILLS HOSPITAL AND MEDICAL CENTER,LOS ANGELES,BASIC,ED_Visit,48587
2016,106190878,ADVENTIST HEALTH WHITE MEMORIAL,LOS ANGELES,BASIC,ED_Admit,9870
2016,106190878,ADVENTIST HEALTH WHITE MEMORIAL,LOS ANGELES,BASIC,ED_Visit,51416
2016,106190883,WHITTIER HOSPITAL MEDICAL CENTER,LOS ANGELES,BASIC,ED_Admit,5104
2016,106190883,WHITTIER HOSPITAL MEDICAL CENTER,LOS ANGELES,BASIC,ED_Visit,26515
2016,106190949,HENRY MAYO NEWHALL HOSPITAL,LOS ANGELES,BASIC,ED_Admit,9145
2016,106190949,HENRY MAYO NEWHALL HOSPITAL,LOS ANGELES,BASIC,ED_Visit,57843
2016,106191227,LAC/HARBOR-UCLA MEDICAL CENTER,LOS ANGELES,BASIC,ED_Admit,12602
2016,106191227,LAC/HARBOR-UCLA MEDICAL CENTER,LOS ANGELES,BASIC,ED_Visit,61579
2016,106191228,LAC+USC MEDICAL CENTER,LOS ANGELES,COMPREHENSIVE,ED_Admit,21706
2016,106191228,LAC+USC MEDICAL CENTER,LOS ANGELES,COMPREHENSIVE,ED_Visit,105661
2016,106191230,"MARTIN LUTHER KING, JR. COMMUNITY HOSPITAL",LOS ANGELES,BASIC,ED_Admit,6356
2016,106191230,"MARTIN LUTHER KING, JR. COMMUNITY HOSPITAL",LOS ANGELES,BASIC,ED_Visit,59884
2016,106191231,LOS ANGELES COUNTY OLIVE VIEW-UCLA MEDICAL CENTER,LOS ANGELES,BASIC,ED_Admit,7447
2016,106191231,LOS ANGELES COUNTY OLIVE VIEW-UCLA MEDICAL CENTER,LOS ANGELES,BASIC,ED_Visit,52472
2016,106191306,LAC/RANCHO LOS AMIGOS NATIONAL REHAB CENTER,LOS ANGELES,,ED_Admit,2
2016,106191306,LAC/RANCHO LOS AMIGOS NATIONAL REHAB CENTER,LOS ANGELES,,ED_Visit,
2016,106191450,KAISER FOUNDATION HOSPITAL - WOODLAND HILLS,LOS ANGELES,BASIC,ED_Admit,4202
2016,106191450,KAISER FOUNDATION HOSPITAL - WOODLAND HILLS,LOS ANGELES,BASIC,ED_Visit,37687
2016,106196035,KAISER FOUNDATION HOSPITAL - BALDWIN PARK,LOS ANGELES,BASIC,ED_Admit,5748
2016,106196035,KAISER FOUNDATION HOSPITAL - BALDWIN PARK,LOS ANGELES,BASIC,ED_Visit,76014
2016,106196403,KAISER FOUNDATION HOSPITAL - DOWNEY,LOS ANGELES,BASIC,ED_Admit,8284
2016,106196403,KAISER FOUNDATION HOSPITAL - DOWNEY,LOS ANGELES,BASIC,ED_Visit,86554
2016,106196405,PALMDALE REGIONAL MEDICAL CENTER,LOS ANGELES,BASIC,ED_Admit,7122
2016,106196405,PALMDALE REGIONAL MEDICAL CENTER,LOS ANGELES,BASIC,ED_Visit,67985
2017,106190017,ALHAMBRA HOSPITAL MEDICAL CENTER,LOS ANGELES,BASIC,ED_Admit,3487
2017,106190017,ALHAMBRA HOSPITAL MEDICAL CENTER,LOS ANGELES,BASIC,ED_Visit,16091
2017,106190034,ANTELOPE VALLEY HOSPITAL,LOS ANGELES,BASIC,ED_Admit,13184
2017,106190034,ANTELOPE VALLEY HOSPITAL,LOS ANGELES,BASIC,ED_Visit,116062
2017,106190045,CATALINA ISLAND MEDICAL CENTER,LOS ANGELES,STANDBY,ED_Admit,5
2017,106190045,CATALINA ISLAND MEDICAL CENTER,LOS ANGELES,STANDBY,ED_Visit,2201
2017,106190053,ST. MARY MEDICAL CENTER - LONG BEACH,LOS ANGELES,BASIC,ED_Admit,6554
2017,106190053,ST. MARY MEDICAL CENTER - LONG BEACH,LOS ANGELES,BASIC,ED_Visit,46956
2017,106190081,BEVERLY HOSPITAL,LOS ANGELES,BASIC,ED_Admit,7085
2017,106190081,BEVERLY HOSPITAL,LOS ANGELES,BASIC,ED_Visit,29496
2017,106190110,SOUTHERN CALIFORNIA HOSPITAL AT CULVER CITY,LOS ANGELES,BASIC,ED_Admit,4863
2017,106190110,SOUTHERN CALIFORNIA HOSPITAL AT CULVER CITY,LOS ANGELES,BASIC,ED_Visit,14664
2017,106190125,CALIFORNIA HOSPITAL MEDICAL CENTER - LOS ANGELES,LOS ANGELES,BASIC,ED_Admit,10533
2017,106190125,CALIFORNIA HOSPITAL MEDICAL CENTER - LOS ANGELES,LOS ANGELES,BASIC,ED_Visit,70015
2017,106190148,CENTINELA HOSPITAL MEDICAL CENTER,LOS ANGELES,BASIC,ED_Admit,14944
2017,106190148,CENTINELA HOSPITAL MEDICAL CENTER,LOS ANGELES,BASIC,ED_Visit,48447
2017,106190159,GARDENS REGIONAL HOSPITAL AND MEDICAL CENTER,LOS ANGELES,BASIC,ED_Admit,113
2017,106190159,GARDENS REGIONAL HOSPITAL AND MEDICAL CENTER,LOS ANGELES,BASIC,ED_Visit,164
2017,106190163,AURORA CHARTER OAK,LOS ANGELES,,ED_Admit,3
2017,106190163,AURORA CHARTER OAK,LOS ANGELES,,ED_Visit,
2017,106190170,CHILDREN'S HOSPITAL OF LOS ANGELES,LOS ANGELES,BASIC,ED_Admit,7760
2017,106190170,CHILDREN'S HOSPITAL OF LOS ANGELES,LOS ANGELES,BASIC,ED_Visit,84437
2017,106190197,COMMUNITY HOSPITAL OF HUNTINGTON PARK,LOS ANGELES,STANDBY,ED_Admit,3098
2017,106190197,COMMUNITY HOSPITAL OF HUNTINGTON PARK,LOS ANGELES,STANDBY,ED_Visit,41896
2017,106190198,LOS ANGELES COMMUNITY HOSPITAL,LOS ANGELES,STANDBY,ED_Admit,1182
2017,106190198,LOS ANGELES COMMUNITY HOSPITAL,LOS ANGELES,STANDBY,ED_Visit,6334
2017,106190200,SAN GABRIEL VALLEY MEDICAL CENTER,LOS ANGELES,BASIC,ED_Admit,4626
2017,106190200,SAN GABRIEL VALLEY MEDICAL CENTER,LOS ANGELES,BASIC,ED_Visit,21129
2017,106190240,LAKEWOOD REGIONAL MEDICAL CENTER,LOS ANGELES,BASIC,ED_Admit,6598
2017,106190240,LAKEWOOD REGIONAL MEDICAL CENTER,LOS ANGELES,BASIC,ED_Visit,41295
2017,106190243,PIH HEALTH HOSPITAL - DOWNEY,LOS ANGELES,BASIC,ED_Admit,5930
2017,106190243,PIH HEALTH HOSPITAL - DOWNEY,LOS ANGELES,BASIC,ED_Visit,50166
2017,106190256,EAST LOS ANGELES DOCTORS HOSPITAL,LOS ANGELES,BASIC,ED_Admit,2038
2017,106190256,EAST LOS ANGELES DOCTORS HOSPITAL,LOS ANGELES,BASIC,ED_Visit,13612
2017,106190280,ENCINO HOSPITAL MEDICAL CENTER,LOS ANGELES,BASIC,ED_Admit,2156
2017,106190280,ENCINO HOSPITAL MEDICAL CENTER,LOS ANGELES,BASIC,ED_Visit,8970
2017,106190298,EMANATE HEALTH FOOTHILL PRESBYTERIAN HOSPITAL,LOS ANGELES,BASIC,ED_Admit,4416
2017,106190298,EMANATE HEALTH FOOTHILL PRESBYTERIAN HOSPITAL,LOS ANGELES,BASIC,ED_Visit,30828
2017,106190315,GARFIELD MEDICAL CENTER,LOS ANGELES,BASIC,ED_Admit,5762
2017,106190315,GARFIELD MEDICAL CENTER,LOS ANGELES,BASIC,ED_Visit,20687
2017,106190323,ADVENTIST HEALTH GLENDALE,LOS ANGELES,BASIC,ED_Admit,14961
2017,106190323,ADVENTIST HEALTH GLENDALE,LOS ANGELES,BASIC,ED_Visit,45039
2017,106190328,GLENDORA COMMUNITY HOSPITAL,LOS ANGELES,BASIC,ED_Admit,1726
2017,106190328,GLENDORA COMMUNITY HOSPITAL,LOS ANGELES,BASIC,ED_Visit,4044
2017,106190352,GREATER EL MONTE COMMUNITY HOSPITAL,LOS ANGELES,BASIC,ED_Admit,2763
2017,106190352,GREATER EL MONTE COMMUNITY HOSPITAL,LOS ANGELES,BASIC,ED_Visit,19508
2017,106190380,SOUTHERN CALIFORNIA HOSPITAL AT HOLLYWOOD,LOS ANGELES,,ED_Admit,5
2017,106190380,SOUTHERN CALIFORNIA HOSPITAL AT HOLLYWOOD,LOS ANGELES,,ED_Visit,
2017,106190382,HOLLYWOOD PRESBYTERIAN MEDICAL CENTER,LOS ANGELES,BASIC,ED_Admit,7195
2017,106190382,HOLLYWOOD PRESBYTERIAN MEDICAL CENTER,LOS ANGELES,BASIC,ED_Visit,30187
2017,106190385,PROVIDENCE HOLY CROSS MEDICAL CENTER,LOS ANGELES,BASIC,ED_Admit,10966
2017,106190385,PROVIDENCE HOLY CROSS MEDICAL CENTER,LOS ANGELES,BASIC,ED_Visit,92822
2017,106190392,GOOD SAMARITAN HOSPITAL-LOS ANGELES,LOS ANGELES,BASIC,ED_Admit,4736
2017,106190392,GOOD SAMARITAN HOSPITAL-LOS ANGELES,LOS ANGELES,BASIC,ED_Visit,30227
2017,106190400,HUNTINGTON MEMORIAL HOSPITAL,LOS ANGELES,BASIC,ED_Admit,18272
2017,106190400,HUNTINGTON MEMORIAL HOSPITAL,LOS ANGELES,BASIC,ED_Visit,53868
2017,106190413,EMANATE HEALTH INTER-COMMUNITY HOSPITAL,LOS ANGELES,BASIC,ED_Admit,6432
2017,106190413,EMANATE HEALTH INTER-COMMUNITY HOSPITAL,LOS ANGELES,BASIC,ED_Visit,23901
2017,106190422,TORRANCE MEMORIAL MEDICAL CENTER,LOS ANGELES,BASIC,ED_Admit,16781
2017,106190422,TORRANCE MEMORIAL MEDICAL CENTER,LOS ANGELES,BASIC,ED_Visit,64205
2017,106190429,KAISER FOUNDATION HOSPITAL - LOS ANGELES,LOS ANGELES,BASIC,ED_Admit,8742
2017,106190429,KAISER FOUNDATION HOSPITAL - LOS ANGELES,LOS ANGELES,BASIC,ED_Visit,64664
2017,106190431,KAISER FOUNDATION HOSPITAL - SOUTH BAY,LOS ANGELES,BASIC,ED_Admit,4291
2017,106190431,KAISER FOUNDATION HOSPITAL - SOUTH BAY,LOS ANGELES,BASIC,ED_Visit,63808
2017,106190432,KAISER FOUNDATION HOSPITAL - PANORAMA CITY,LOS ANGELES,BASIC,ED_Admit,3682
2017,106190432,KAISER FOUNDATION HOSPITAL - PANORAMA CITY,LOS ANGELES,BASIC,ED_Visit,64775
2017,106190434,KAISER FOUNDATION HOSPITAL - WEST LA,LOS ANGELES,BASIC,ED_Admit,2827
2017,106190434,KAISER FOUNDATION HOSPITAL - WEST LA,LOS ANGELES,BASIC,ED_Visit,74281
2017,106190470,PROVIDENCE LITTLE COMPANY OF MARY MEDICAL CENTER TORRANCE,LOS ANGELES,BASIC,ED_Admit,12397
2017,106190470,PROVIDENCE LITTLE COMPANY OF MARY MEDICAL CENTER TORRANCE,LOS ANGELES,BASIC,ED_Visit,55029
2017,106190475,COMMUNITY HOSPITAL LONG BEACH,LOS ANGELES,BASIC,ED_Admit,5011
2017,106190475,COMMUNITY HOSPITAL LONG BEACH,LOS ANGELES,BASIC,ED_Visit,21381
2017,106190500,CEDARS-SINAI MARINA DEL REY HOSPITAL,LOS ANGELES,BASIC,ED_Admit,1051
2017,106190500,CEDARS-SINAI MARINA DEL REY HOSPITAL,LOS ANGELES,BASIC,ED_Visit,27725
2017,106190517,PROVIDENCE TARZANA MEDICAL CENTER,LOS ANGELES,BASIC,ED_Admit,7576
2017,106190517,PROVIDENCE TARZANA MEDICAL CENTER,LOS ANGELES,BASIC,ED_Visit,42018
2017,106190521,MEMORIAL HOSPITAL OF GARDENA,LOS ANGELES,BASIC,ED_Admit,5245
2017,106190521,MEMORIAL HOSPITAL OF GARDENA,LOS ANGELES,BASIC,ED_Visit,37375
2017,106190522,GLENDALE MEMORIAL HOSPITAL AND HEALTH CENTER,LOS ANGELES,BASIC,ED_Admit,4936
2017,106190522,GLENDALE MEMORIAL HOSPITAL AND HEALTH CENTER,LOS ANGELES,BASIC,ED_Visit,33618
2017,106190524,MISSION COMMUNITY HOSPITAL - PANORAMA CAMPUS,LOS ANGELES,BASIC,ED_Admit,6195
2017,106190524,MISSION COMMUNITY HOSPITAL - PANORAMA CAMPUS,LOS ANGELES,BASIC,ED_Visit,12245
2017,106190525,MEMORIALCARE LONG BEACH MEDICAL CENTER,LOS ANGELES,BASIC,ED_Admit,14368
2017,106190525,MEMORIALCARE LONG BEACH MEDICAL CENTER,LOS ANGELES,BASIC,ED_Visit,86579
2017,106190529,METHODIST HOSPITAL OF SOUTHERN CALIFORNIA,LOS ANGELES,BASIC,ED_Admit,11349
2017,106190529,METHODIST HOSPITAL OF SOUTHERN CALIFORNIA,LOS ANGELES,BASIC,ED_Visit,40995
2017,106190534,OLYMPIA MEDICAL CENTER,LOS ANGELES,BASIC,ED_Admit,4760
2017,106190534,OLYMPIA MEDICAL CENTER,LOS ANGELES,BASIC,ED_Visit,21810
2017,106190541,MONROVIA MEMORIAL HOSPITAL,LOS ANGELES,,ED_Admit,1
2017,106190541,MONROVIA MEMORIAL HOSPITAL,LOS ANGELES,,ED_Visit,
2017,106190547,MONTEREY PARK HOSPITAL,LOS ANGELES,BASIC,ED_Admit,964
2017,106190547,MONTEREY PARK HOSPITAL,LOS ANGELES,BASIC,ED_Visit,22915
2017,106190555,CEDARS SINAI MEDICAL CENTER,LOS ANGELES,BASIC,ED_Admit,26719
2017,106190555,CEDARS SINAI MEDICAL CENTER,LOS ANGELES,BASIC,ED_Visit,63825
2017,106190568,NORTHRIDGE HOSPITAL MEDICAL CENTER,LOS ANGELES,BASIC,ED_Admit,10676
2017,106190568,NORTHRIDGE HOSPITAL MEDICAL CENTER,LOS ANGELES,BASIC,ED_Visit,56935
2017,106190570,NORWALK COMMUNITY HOSPITAL,LOS ANGELES,BASIC,ED_Admit,1177
2017,106190570,NORWALK COMMUNITY HOSPITAL,LOS ANGELES,BASIC,ED_Visit,5605
2017,106190587,COLLEGE MEDICAL CENTER,LOS ANGELES,BASIC,ED_Admit,5650
2017,106190587,COLLEGE MEDICAL CENTER,LOS ANGELES,BASIC,ED_Visit,9079
2017,106190630,POMONA VALLEY HOSPITAL MEDICAL CENTER,LOS ANGELES,BASIC,ED_Admit,12890
2017,106190630,POMONA VALLEY HOSPITAL MEDICAL CENTER,LOS ANGELES,BASIC,ED_Visit,82109
2017,106190631,PIH HEALTH HOSPITAL - WHITTIER,LOS ANGELES,BASIC,ED_Admit,11865
2017,106190631,PIH HEALTH HOSPITAL - WHITTIER,LOS ANGELES,BASIC,ED_Visit,63934
2017,106190636,EMANATE HEALTH QUEEN OF THE VALLEY HOSPITAL,LOS ANGELES,BASIC,ED_Admit,9101
2017,106190636,EMANATE HEALTH QUEEN OF THE VALLEY HOSPITAL,LOS ANGELES,BASIC,ED_Visit,56668
2017,106190673,SAN DIMAS COMMUNITY HOSPITAL,LOS ANGELES,BASIC,ED_Admit,2960
2017,106190673,SAN DIMAS COMMUNITY HOSPITAL,LOS ANGELES,BASIC,ED_Visit,15711
2017,106190680,PROVIDENCE LITTLE COMPANY OF MARY MC - SAN PEDRO,LOS ANGELES,BASIC,ED_Admit,3706
2017,106190680,PROVIDENCE LITTLE COMPANY OF MARY MC - SAN PEDRO,LOS ANGELES,BASIC,ED_Visit,36890
2017,106190687,SANTA MONICA - UCLA MEDICAL CENTER AND ORTHOPAEDIC HOSPITAL,LOS ANGELES,BASIC,ED_Admit,8448
2017,106190687,SANTA MONICA - UCLA MEDICAL CENTER AND ORTHOPAEDIC HOSPITAL,LOS ANGELES,BASIC,ED_Visit,40121
2017,106190696,PACIFICA HOSPITAL OF THE VALLEY,LOS ANGELES,BASIC,ED_Admit,2603
2017,106190696,PACIFICA HOSPITAL OF THE VALLEY,LOS ANGELES,BASIC,ED_Visit,10938
2017,106190708,SHERMAN OAKS HOSPITAL,LOS ANGELES,BASIC,ED_Admit,4991
2017,106190708,SHERMAN OAKS HOSPITAL,LOS ANGELES,BASIC,ED_Visit,21273
2017,106190754,ST. FRANCIS MEDICAL CENTER,LOS ANGELES,BASIC,ED_Admit,12797
2017,106190754,ST. FRANCIS MEDICAL CENTER,LOS ANGELES,BASIC,ED_Visit,65542
2017,106190756,PROVIDENCE SAINT JOHN'S HEALTH CENTER,LOS ANGELES,BASIC,ED_Admit,6300
2017,106190756,PROVIDENCE SAINT JOHN'S HEALTH CENTER,LOS ANGELES,BASIC,ED_Visit,20913
2017,106190758,PROVIDENCE SAINT JOSEPH MEDICAL CENTER,LOS ANGELES,BASIC,ED_Admit,10031
2017,106190758,PROVIDENCE SAINT JOSEPH MEDICAL CENTER,LOS ANGELES,BASIC,ED_Visit,56340
2017,106190762,ST. VINCENT MEDICAL CENTER,LOS ANGELES,STANDBY,ED_Admit,7095
2017,106190762,ST. VINCENT MEDICAL CENTER,LOS ANGELES,STANDBY,ED_Visit,23032
2017,106190766,COAST PLAZA HOSPITAL,LOS ANGELES,BASIC,ED_Admit,2498
2017,106190766,COAST PLAZA HOSPITAL,LOS ANGELES,BASIC,ED_Visit,13876
2017,106190796,RONALD REAGAN UCLA MEDICAL CENTER,LOS ANGELES,COMPREHENSIVE,ED_Admit,10530
2017,106190796,RONALD REAGAN UCLA MEDICAL CENTER,LOS ANGELES,COMPREHENSIVE,ED_Visit,40127
2017,106190812,VALLEY PRESBYTERIAN HOSPITAL,LOS ANGELES,BASIC,ED_Admit,6888
2017,106190812,VALLEY PRESBYTERIAN HOSPITAL,LOS ANGELES,BASIC,ED_Visit,63015
2017,106190818,USC VERDUGO HILLS HOSPITAL,LOS ANGELES,BASIC,ED_Admit,4379
2017,106190818,USC VERDUGO HILLS HOSPITAL,LOS ANGELES,BASIC,ED_Visit,18976
2017,106190859,WEST HILLS HOSPITAL AND MEDICAL CENTER,LOS ANGELES,BASIC,ED_Admit,7618
2017,106190859,WEST HILLS HOSPITAL AND MEDICAL CENTER,LOS ANGELES,BASIC,ED_Visit,50562
2017,106190878,ADVENTIST HEALTH WHITE MEMORIAL,LOS ANGELES,BASIC,ED_Admit,9820
2017,106190878,ADVENTIST HEALTH WHITE MEMORIAL,LOS ANGELES,BASIC,ED_Visit,53246
2017,106190883,WHITTIER HOSPITAL MEDICAL CENTER,LOS ANGELES,BASIC,ED_Admit,4814
2017,106190883,WHITTIER HOSPITAL MEDICAL CENTER,LOS ANGELES,BASIC,ED_Visit,27018
2017,106190949,HENRY MAYO NEWHALL HOSPITAL,LOS ANGELES,BASIC,ED_Admit,9726
2017,106190949,HENRY MAYO NEWHALL HOSPITAL,LOS ANGELES,BASIC,ED_Visit,60409
2017,106191227,LAC/HARBOR-UCLA MEDICAL CENTER,LOS ANGELES,BASIC,ED_Admit,12700
2017,106191227,LAC/HARBOR-UCLA MEDICAL CENTER,LOS ANGELES,BASIC,ED_Visit,67538
2017,106191228,LAC+USC MEDICAL CENTER,LOS ANGELES,COMPREHENSIVE,ED_Admit,22376
2017,106191228,LAC+USC MEDICAL CENTER,LOS ANGELES,COMPREHENSIVE,ED_Visit,113509
2017,106191230,"MARTIN LUTHER KING, JR. COMMUNITY HOSPITAL",LOS ANGELES,BASIC,ED_Admit,3858
2017,106191230,"MARTIN LUTHER KING, JR. COMMUNITY HOSPITAL",LOS ANGELES,BASIC,ED_Visit,79856
2017,106191231,LOS ANGELES COUNTY OLIVE VIEW-UCLA MEDICAL CENTER,LOS ANGELES,BASIC,ED_Admit,8272
2017,106191231,LOS ANGELES COUNTY OLIVE VIEW-UCLA MEDICAL CENTER,LOS ANGELES,BASIC,ED_Visit,59165
2017,106191306,LAC/RANCHO LOS AMIGOS NATIONAL REHAB CENTER,LOS ANGELES,,ED_Admit,5
2017,106191306,LAC/RANCHO LOS AMIGOS NATIONAL REHAB CENTER,LOS ANGELES,,ED_Visit,
2017,106191450,KAISER FOUNDATION HOSPITAL - WOODLAND HILLS,LOS ANGELES,BASIC,ED_Admit,3809
2017,106191450,KAISER FOUNDATION HOSPITAL - WOODLAND HILLS,LOS ANGELES,BASIC,ED_Visit,39521
2017,106196035,KAISER FOUNDATION HOSPITAL - BALDWIN PARK,LOS ANGELES,BASIC,ED_Admit,5336
2017,106196035,KAISER FOUNDATION HOSPITAL - BALDWIN PARK,LOS ANGELES,BASIC,ED_Visit,79375
2017,106196403,KAISER FOUNDATION HOSPITAL - DOWNEY,LOS ANGELES,BASIC,ED_Admit,7841
2017,106196403,KAISER FOUNDATION HOSPITAL - DOWNEY,LOS ANGELES,BASIC,ED_Visit,95820
2017,106196405,PALMDALE REGIONAL MEDICAL CENTER,LOS ANGELES,BASIC,ED_Admit,7024
2017,106196405,PALMDALE REGIONAL MEDICAL CENTER,LOS ANGELES,BASIC,ED_Visit,67086
2018,106190017,ALHAMBRA HOSPITAL MEDICAL CENTER,LOS ANGELES,BASIC,ED_Admit,3472
2018,106190017,ALHAMBRA HOSPITAL MEDICAL CENTER,LOS ANGELES,BASIC,ED_Visit,16093
2018,106190034,ANTELOPE VALLEY HOSPITAL,LOS ANGELES,BASIC,ED_Admit,13249
2018,106190034,ANTELOPE VALLEY HOSPITAL,LOS ANGELES,BASIC,ED_Visit,114007
2018,106190045,CATALINA ISLAND MEDICAL CENTER,LOS ANGELES,STANDBY,ED_Admit,1
2018,106190045,CATALINA ISLAND MEDICAL CENTER,LOS ANGELES,STANDBY,ED_Visit,2136
2018,106190053,ST. MARY MEDICAL CENTER - LONG BEACH,LOS ANGELES,BASIC,ED_Admit,6620
2018,106190053,ST. MARY MEDICAL CENTER - LONG BEACH,LOS ANGELES,BASIC,ED_Visit,46973
2018,106190066,LOS ANGELES COMMUNITY HOSPITAL AT BELLFLOWER,LOS ANGELES,BASIC,ED_Admit,8
2018,106190066,LOS ANGELES COMMUNITY HOSPITAL AT BELLFLOWER,LOS ANGELES,BASIC,ED_Visit,
2018,106190081,BEVERLY HOSPITAL,LOS ANGELES,BASIC,ED_Admit,7487
2018,106190081,BEVERLY HOSPITAL,LOS ANGELES,BASIC,ED_Visit,29262
2018,106190110,SOUTHERN CALIFORNIA HOSPITAL AT CULVER CITY,LOS ANGELES,BASIC,ED_Admit,4725
2018,106190110,SOUTHERN CALIFORNIA HOSPITAL AT CULVER CITY,LOS ANGELES,BASIC,ED_Visit,14267
2018,106190125,CALIFORNIA HOSPITAL MEDICAL CENTER - LOS ANGELES,LOS ANGELES,BASIC,ED_Admit,11081
2018,106190125,CALIFORNIA HOSPITAL MEDICAL CENTER - LOS ANGELES,LOS ANGELES,BASIC,ED_Visit,67776
2018,106190148,CENTINELA HOSPITAL MEDICAL CENTER,LOS ANGELES,BASIC,ED_Admit,15531
2018,106190148,CENTINELA HOSPITAL MEDICAL CENTER,LOS ANGELES,BASIC,ED_Visit,44286
2018,106190163,AURORA CHARTER OAK,LOS ANGELES,,ED_Admit,5
2018,106190163,AURORA CHARTER OAK,LOS ANGELES,,ED_Visit,
2018,106190170,CHILDREN'S HOSPITAL OF LOS ANGELES,LOS ANGELES,BASIC,ED_Admit,7541
2018,106190170,CHILDREN'S HOSPITAL OF LOS ANGELES,LOS ANGELES,BASIC,ED_Visit,85329
2018,106190184,COLLEGE HOSPITAL,LOS ANGELES,,ED_Admit,1
2018,106190184,COLLEGE HOSPITAL,LOS ANGELES,,ED_Visit,
2018,106190197,COMMUNITY HOSPITAL OF HUNTINGTON PARK,LOS ANGELES,STANDBY,ED_Admit,3334
2018,106190197,COMMUNITY HOSPITAL OF HUNTINGTON PARK,LOS ANGELES,STANDBY,ED_Visit,39420
2018,106190198,LOS ANGELES COMMUNITY HOSPITAL,LOS ANGELES,STANDBY,ED_Admit,1161
2018,106190198,LOS ANGELES COMMUNITY HOSPITAL,LOS ANGELES,STANDBY,ED_Visit,5241
2018,106190200,SAN GABRIEL VALLEY MEDICAL CENTER,LOS ANGELES,BASIC,ED_Admit,4144
2018,106190200,SAN GABRIEL VALLEY MEDICAL CENTER,LOS ANGELES,BASIC,ED_Visit,20689
2018,106190240,LAKEWOOD REGIONAL MEDICAL CENTER,LOS ANGELES,BASIC,ED_Admit,6777
2018,106190240,LAKEWOOD REGIONAL MEDICAL CENTER,LOS ANGELES,BASIC,ED_Visit,42179
2018,106190243,PIH HEALTH HOSPITAL - DOWNEY,LOS ANGELES,BASIC,ED_Admit,6571
2018,106190243,PIH HEALTH HOSPITAL - DOWNEY,LOS ANGELES,BASIC,ED_Visit,48064
2018,106190256,EAST LOS ANGELES DOCTORS HOSPITAL,LOS ANGELES,BASIC,ED_Admit,2007
2018,106190256,EAST LOS ANGELES DOCTORS HOSPITAL,LOS ANGELES,BASIC,ED_Visit,13339
2018,106190280,ENCINO HOSPITAL MEDICAL CENTER,LOS ANGELES,BASIC,ED_Admit,2310
2018,106190280,ENCINO HOSPITAL MEDICAL CENTER,LOS ANGELES,BASIC,ED_Visit,9092
2018,106190298,EMANATE HEALTH FOOTHILL PRESBYTERIAN HOSPITAL,LOS ANGELES,BASIC,ED_Admit,4196
2018,106190298,EMANATE HEALTH FOOTHILL PRESBYTERIAN HOSPITAL,LOS ANGELES,BASIC,ED_Visit,29758
2018,106190315,GARFIELD MEDICAL CENTER,LOS ANGELES,BASIC,ED_Admit,5811
2018,106190315,GARFIELD MEDICAL CENTER,LOS ANGELES,BASIC,ED_Visit,19440
2018,106190323,ADVENTIST HEALTH GLENDALE,LOS ANGELES,BASIC,ED_Admit,13805
2018,106190323,ADVENTIST HEALTH GLENDALE,LOS ANGELES,BASIC,ED_Visit,44998
2018,106190328,GLENDORA COMMUNITY HOSPITAL,LOS ANGELES,BASIC,ED_Admit,2037
2018,106190328,GLENDORA COMMUNITY HOSPITAL,LOS ANGELES,BASIC,ED_Visit,3606
2018,106190352,GREATER EL MONTE COMMUNITY HOSPITAL,LOS ANGELES,BASIC,ED_Admit,2794
2018,106190352,GREATER EL MONTE COMMUNITY HOSPITAL,LOS ANGELES,BASIC,ED_Visit,19289
2018,106190380,SOUTHERN CALIFORNIA HOSPITAL AT HOLLYWOOD,LOS ANGELES,,ED_Admit,1
2018,106190380,SOUTHERN CALIFORNIA HOSPITAL AT HOLLYWOOD,LOS ANGELES,,ED_Visit,
2018,106190382,HOLLYWOOD PRESBYTERIAN MEDICAL CENTER,LOS ANGELES,BASIC,ED_Admit,7467
2018,106190382,HOLLYWOOD PRESBYTERIAN MEDICAL CENTER,LOS ANGELES,BASIC,ED_Visit,32077
2018,106190385,PROVIDENCE HOLY CROSS MEDICAL CENTER,LOS ANGELES,BASIC,ED_Admit,11227
2018,106190385,PROVIDENCE HOLY CROSS MEDICAL CENTER,LOS ANGELES,BASIC,ED_Visit,89948
2018,106190392,GOOD SAMARITAN HOSPITAL-LOS ANGELES,LOS ANGELES,BASIC,ED_Admit,7045
2018,106190392,GOOD SAMARITAN HOSPITAL-LOS ANGELES,LOS ANGELES,BASIC,ED_Visit,31774
2018,106190400,HUNTINGTON MEMORIAL HOSPITAL,LOS ANGELES,BASIC,ED_Admit,18416
2018,106190400,HUNTINGTON MEMORIAL HOSPITAL,LOS ANGELES,BASIC,ED_Visit,53217
2018,106190413,EMANATE HEALTH INTER-COMMUNITY HOSPITAL,LOS ANGELES,BASIC,ED_Admit,6618
2018,106190413,EMANATE HEALTH INTER-COMMUNITY HOSPITAL,LOS ANGELES,BASIC,ED_Visit,31209
2018,106190422,TORRANCE MEMORIAL MEDICAL CENTER,LOS ANGELES,BASIC,ED_Admit,17737
2018,106190422,TORRANCE MEMORIAL MEDICAL CENTER,LOS ANGELES,BASIC,ED_Visit,63279
2018,106190429,KAISER FOUNDATION HOSPITAL - LOS ANGELES,LOS ANGELES,BASIC,ED_Admit,8519
2018,106190429,KAISER FOUNDATION HOSPITAL - LOS ANGELES,LOS ANGELES,BASIC,ED_Visit,63332
2018,106190431,KAISER FOUNDATION HOSPITAL - SOUTH BAY,LOS ANGELES,BASIC,ED_Admit,4668
2018,106190431,KAISER FOUNDATION HOSPITAL - SOUTH BAY,LOS ANGELES,BASIC,ED_Visit,65169
2018,106190432,KAISER FOUNDATION HOSPITAL - PANORAMA CITY,LOS ANGELES,BASIC,ED_Admit,3461
2018,106190432,KAISER FOUNDATION HOSPITAL - PANORAMA CITY,LOS ANGELES,BASIC,ED_Visit,65650
2018,106190434,KAISER FOUNDATION HOSPITAL - WEST LA,LOS ANGELES,BASIC,ED_Admit,3159
2018,106190434,KAISER FOUNDATION HOSPITAL - WEST LA,LOS ANGELES,BASIC,ED_Visit,76617
2018,106190470,PROVIDENCE LITTLE COMPANY OF MARY MEDICAL CENTER TORRANCE,LOS ANGELES,BASIC,ED_Admit,12152
2018,106190470,PROVIDENCE LITTLE COMPANY OF MARY MEDICAL CENTER TORRANCE,LOS ANGELES,BASIC,ED_Visit,51972
2018,106190475,COMMUNITY HOSPITAL LONG BEACH,LOS ANGELES,BASIC,ED_Admit,1954
2018,106190475,COMMUNITY HOSPITAL LONG BEACH,LOS ANGELES,BASIC,ED_Visit,9213
2018,106190500,CEDARS-SINAI MARINA DEL REY HOSPITAL,LOS ANGELES,BASIC,ED_Admit,3106
2018,106190500,CEDARS-SINAI MARINA DEL REY HOSPITAL,LOS ANGELES,BASIC,ED_Visit,30067
2018,106190517,PROVIDENCE TARZANA MEDICAL CENTER,LOS ANGELES,BASIC,ED_Admit,7309
2018,106190517,PROVIDENCE TARZANA MEDICAL CENTER,LOS ANGELES,BASIC,ED_Visit,42012
2018,106190521,MEMORIAL HOSPITAL OF GARDENA,LOS ANGELES,BASIC,ED_Admit,4879
2018,106190521,MEMORIAL HOSPITAL OF GARDENA,LOS ANGELES,BASIC,ED_Visit,33545
2018,106190522,GLENDALE MEMORIAL HOSPITAL AND HEALTH CENTER,LOS ANGELES,BASIC,ED_Admit,5503
2018,106190522,GLENDALE MEMORIAL HOSPITAL AND HEALTH CENTER,LOS ANGELES,BASIC,ED_Visit,33059
2018,106190524,MISSION COMMUNITY HOSPITAL - PANORAMA CAMPUS,LOS ANGELES,BASIC,ED_Admit,6794
2018,106190524,MISSION COMMUNITY HOSPITAL - PANORAMA CAMPUS,LOS ANGELES,BASIC,ED_Visit,9904
2018,106190525,MEMORIALCARE LONG BEACH MEDICAL CENTER,LOS ANGELES,BASIC,ED_Admit,15134
2018,106190525,MEMORIALCARE LONG BEACH MEDICAL CENTER,LOS ANGELES,BASIC,ED_Visit,85917
2018,106190529,METHODIST HOSPITAL OF SOUTHERN CALIFORNIA,LOS ANGELES,BASIC,ED_Admit,11166
2018,106190529,METHODIST HOSPITAL OF SOUTHERN CALIFORNIA,LOS ANGELES,BASIC,ED_Visit,39125
2018,106190534,OLYMPIA MEDICAL CENTER,LOS ANGELES,BASIC,ED_Admit,4132
2018,106190534,OLYMPIA MEDICAL CENTER,LOS ANGELES,BASIC,ED_Visit,21401
2018,106190547,MONTEREY PARK HOSPITAL,LOS ANGELES,BASIC,ED_Admit,2500
2018,106190547,MONTEREY PARK HOSPITAL,LOS ANGELES,BASIC,ED_Visit,23053
2018,106190555,CEDARS SINAI MEDICAL CENTER,LOS ANGELES,BASIC,ED_Admit,27533
2018,106190555,CEDARS SINAI MEDICAL CENTER,LOS ANGELES,BASIC,ED_Visit,62247
2018,106190568,NORTHRIDGE HOSPITAL MEDICAL CENTER,LOS ANGELES,BASIC,ED_Admit,11275
2018,106190568,NORTHRIDGE HOSPITAL MEDICAL CENTER,LOS ANGELES,BASIC,ED_Visit,55787
2018,106190570,NORWALK COMMUNITY HOSPITAL,LOS ANGELES,BASIC,ED_Admit,1504
2018,106190570,NORWALK COMMUNITY HOSPITAL,LOS ANGELES,BASIC,ED_Visit,5562
2018,106190587,COLLEGE MEDICAL CENTER,LOS ANGELES,BASIC,ED_Admit,5938
2018,106190587,COLLEGE MEDICAL CENTER,LOS ANGELES,BASIC,ED_Visit,8737
2018,106190630,POMONA VALLEY HOSPITAL MEDICAL CENTER,LOS ANGELES,BASIC,ED_Admit,12644
2018,106190630,POMONA VALLEY HOSPITAL MEDICAL CENTER,LOS ANGELES,BASIC,ED_Visit,80755
2018,106190631,PIH HEALTH HOSPITAL - WHITTIER,LOS ANGELES,BASIC,ED_Admit,12689
2018,106190631,PIH HEALTH HOSPITAL - WHITTIER,LOS ANGELES,BASIC,ED_Visit,63526
2018,106190636,EMANATE HEALTH QUEEN OF THE VALLEY HOSPITAL,LOS ANGELES,BASIC,ED_Admit,8796
2018,106190636,EMANATE HEALTH QUEEN OF THE VALLEY HOSPITAL,LOS ANGELES,BASIC,ED_Visit,65670
2018,106190673,SAN DIMAS COMMUNITY HOSPITAL,LOS ANGELES,BASIC,ED_Admit,2183
2018,106190673,SAN DIMAS COMMUNITY HOSPITAL,LOS ANGELES,BASIC,ED_Visit,15373
2018,106190680,PROVIDENCE LITTLE COMPANY OF MARY MC - SAN PEDRO,LOS ANGELES,BASIC,ED_Admit,3552
2018,106190680,PROVIDENCE LITTLE COMPANY OF MARY MC - SAN PEDRO,LOS ANGELES,BASIC,ED_Visit,35320
2018,106190687,SANTA MONICA - UCLA MEDICAL CENTER AND ORTHOPAEDIC HOSPITAL,LOS ANGELES,BASIC,ED_Admit,7822
2018,106190687,SANTA MONICA - UCLA MEDICAL CENTER AND ORTHOPAEDIC HOSPITAL,LOS ANGELES,BASIC,ED_Visit,40184
2018,106190696,PACIFICA HOSPITAL OF THE VALLEY,LOS ANGELES,BASIC,ED_Admit,2662
2018,106190696,PACIFICA HOSPITAL OF THE VALLEY,LOS ANGELES,BASIC,ED_Visit,9682
2018,106190708,SHERMAN OAKS HOSPITAL,LOS ANGELES,BASIC,ED_Admit,4749
2018,106190708,SHERMAN OAKS HOSPITAL,LOS ANGELES,BASIC,ED_Visit,21451
2018,106190754,ST. FRANCIS MEDICAL CENTER,LOS ANGELES,BASIC,ED_Admit,13195
2018,106190754,ST. FRANCIS MEDICAL CENTER,LOS ANGELES,BASIC,ED_Visit,60225
2018,106190756,PROVIDENCE SAINT JOHN'S HEALTH CENTER,LOS ANGELES,BASIC,ED_Admit,6494
2018,106190756,PROVIDENCE SAINT JOHN'S HEALTH CENTER,LOS ANGELES,BASIC,ED_Visit,22859
2018,106190758,PROVIDENCE SAINT JOSEPH MEDICAL CENTER,LOS ANGELES,BASIC,ED_Admit,10074
2018,106190758,PROVIDENCE SAINT JOSEPH MEDICAL CENTER,LOS ANGELES,BASIC,ED_Visit,55710
2018,106190762,ST. VINCENT MEDICAL CENTER,LOS ANGELES,STANDBY,ED_Admit,7218
2018,106190762,ST. VINCENT MEDICAL CENTER,LOS ANGELES,STANDBY,ED_Visit,21738
2018,106190766,COAST PLAZA HOSPITAL,LOS ANGELES,BASIC,ED_Admit,2004
2018,106190766,COAST PLAZA HOSPITAL,LOS ANGELES,BASIC,ED_Visit,13000
2018,106190796,RONALD REAGAN UCLA MEDICAL CENTER,LOS ANGELES,COMPREHENSIVE,ED_Admit,10728
2018,106190796,RONALD REAGAN UCLA MEDICAL CENTER,LOS ANGELES,COMPREHENSIVE,ED_Visit,38582
2018,106190812,VALLEY PRESBYTERIAN HOSPITAL,LOS ANGELES,BASIC,ED_Admit,6668
2018,106190812,VALLEY PRESBYTERIAN HOSPITAL,LOS ANGELES,BASIC,ED_Visit,59408
2018,106190818,USC VERDUGO HILLS HOSPITAL,LOS ANGELES,BASIC,ED_Admit,4379
2018,106190818,USC VERDUGO HILLS HOSPITAL,LOS ANGELES,BASIC,ED_Visit,21071
2018,106190859,WEST HILLS HOSPITAL AND MEDICAL CENTER,LOS ANGELES,BASIC,ED_Admit,7607
2018,106190859,WEST HILLS HOSPITAL AND MEDICAL CENTER,LOS ANGELES,BASIC,ED_Visit,49941
2018,106190878,ADVENTIST HEALTH WHITE MEMORIAL,LOS ANGELES,BASIC,ED_Admit,10108
2018,106190878,ADVENTIST HEALTH WHITE MEMORIAL,LOS ANGELES,BASIC,ED_Visit,53349
2018,106190883,WHITTIER HOSPITAL MEDICAL CENTER,LOS ANGELES,BASIC,ED_Admit,4424
2018,106190883,WHITTIER HOSPITAL MEDICAL CENTER,LOS ANGELES,BASIC,ED_Visit,25294
2018,106190949,HENRY MAYO NEWHALL HOSPITAL,LOS ANGELES,BASIC,ED_Admit,9438
2018,106190949,HENRY MAYO NEWHALL HOSPITAL,LOS ANGELES,BASIC,ED_Visit,57055
2018,106191227,LAC/HARBOR-UCLA MEDICAL CENTER,LOS ANGELES,BASIC,ED_Admit,11571
2018,106191227,LAC/HARBOR-UCLA MEDICAL CENTER,LOS ANGELES,BASIC,ED_Visit,71101
2018,106191228,LAC+USC MEDICAL CENTER,LOS ANGELES,COMPREHENSIVE,ED_Admit,22297
2018,106191228,LAC+USC MEDICAL CENTER,LOS ANGELES,COMPREHENSIVE,ED_Visit,125695
2018,106191230,"MARTIN LUTHER KING, JR. COMMUNITY HOSPITAL",LOS ANGELES,BASIC,ED_Admit,815
2018,106191230,"MARTIN LUTHER KING, JR. COMMUNITY HOSPITAL",LOS ANGELES,BASIC,ED_Visit,93310
2018,106191231,LOS ANGELES COUNTY OLIVE VIEW-UCLA MEDICAL CENTER,LOS ANGELES,BASIC,ED_Admit,8016
2018,106191231,LOS ANGELES COUNTY OLIVE VIEW-UCLA MEDICAL CENTER,LOS ANGELES,BASIC,ED_Visit,61235
2018,106191450,KAISER FOUNDATION HOSPITAL - WOODLAND HILLS,LOS ANGELES,BASIC,ED_Admit,3607
2018,106191450,KAISER FOUNDATION HOSPITAL - WOODLAND HILLS,LOS ANGELES,BASIC,ED_Visit,40591
2018,106194219,KECK HOSPITAL OF USC,LOS ANGELES,,ED_Admit,1
2018,106194219,KECK HOSPITAL OF USC,LOS ANGELES,,ED_Visit,
2018,106196035,KAISER FOUNDATION HOSPITAL - BALDWIN PARK,LOS ANGELES,BASIC,ED_Admit,4958
2018,106196035,KAISER FOUNDATION HOSPITAL - BALDWIN PARK,LOS ANGELES,BASIC,ED_Visit,74748
2018,106196168,MEMORIALCARE MILLER CHILDREN'S & WOMEN'S HOSPITAL LONG BEACH,LOS ANGELES,,ED_Admit,1
2018,106196168,MEMORIALCARE MILLER CHILDREN'S & WOMEN'S HOSPITAL LONG BEACH,LOS ANGELES,,ED_Visit,
2018,106196403,KAISER FOUNDATION HOSPITAL - DOWNEY,LOS ANGELES,BASIC,ED_Admit,8038
2018,106196403,KAISER FOUNDATION HOSPITAL - DOWNEY,LOS ANGELES,BASIC,ED_Visit,97457
2018,106196405,PALMDALE REGIONAL MEDICAL CENTER,LOS ANGELES,BASIC,ED_Admit,6607
2018,106196405,PALMDALE REGIONAL MEDICAL CENTER,LOS ANGELES,BASIC,ED_Visit,64603
